row,number,item,model,round,purchase_row,source_note,raw_measurement,purchase_id,evidence_type,normalized_mm,cad_action,decision,required_action,source
2,1,전원분배 단자대,"[SMG] 전원분배 단자대 / 터미널블럭 (입력2, 출력8) [SZH-CP003]",2차,79.0,실측 완료,"가로100mm 세로45mm 높이33mm
입력나사 (A) 약 7.5mm 
출력구멍(B) 약 5.5~6mm",P2-R79,실측,100 × 45 × 33; 입력 나사 ≈7.5; 출력 개구 ≈5.5–6,외곽 유지; A/B는 고정홀이 아닙니다.,현장 조정,고정 위치는 실물 전사. 덮개 열림·절연 간격·단자 그룹은 결선 전에 확인,부품 치수.xlsx / 시트1 / 2행
3,2,AGM 배터리,ROCKET ES7-12 12V 7Ah AGM 배터리,1차,13.0,실측 완료,가로 151mm 세로 65mm 높이 94mm,P1-009,실측,151 × 65 × 94 (케이스); 공식 단자 포함 98,기존 케이스와 단자 형상 유지,현장 조정,단자에 연결한 케이블 여유를 남기고 벨크로 길이는 가조립 후 결정,부품 치수.xlsx / 시트1 / 3행
4,3,서보모터,[DFRobot] SER0063,2차,30.0,실측 완료,"가로(최대): 약 55 mm
세로(최대): 약 20 mm
높이(축 포함 최대): 약 47~48 mm",P2-R30,근사 실측,≈55 × ≈20 × ≈47–48; 원본 CAD 55 × 20.5 × 47.38,원본 모터 2개 유지; 반올림한 20으로 축소하지 않음,필수 확인,모터 본체 재측정 불필요. 사용할 혼의 홀 간격·지름·두께·끼운 높이만 필요,부품 치수.xlsx / 시트1 / 4행
5,4,JST-PH 6핀 케이블,JST-PH 6핀 케이블 2.0mm 피치 같은면 1대N (30cm ×4),2차,21.0,판 재단용 측정 우선도 낮음,이미 30cm인 거 상품명에 나와있음,P2-R21,상품명,길이 300; 피치 2.0; 6핀,실측으로 집계하지 않음; 케이블 길이 정보 기록,현장 조정,핀 순서·같은면 여부를 실물 확인하고 당기지 않는 경로로 정리,부품 치수.xlsx / 시트1 / 5행
6,5,M3 나일론 스페이서 세트,260P M3 나일론 스페이서 너트 세트 - 육각 기판 고정용 나사 키트 - PCB 조립용,2차,56.0,필요 규격만 확인,,P2-R56,미실측,설치할 길이만 선택,세트의 모든 스페이서를 측정할 필요 없음,현장 조정,부품을 올린 뒤 필요한 몸통 길이·나사 체결 길이·절연 간격 선택,부품 치수.xlsx / 시트1 / 6행
7,6,소형 ㄱ자 브래킷,네이쳐툴 ㄱ자 선반 꺽쇠 코너 기억자 코너철 소형 - 소형,2차,54.0,"실측 확인 불가(소형 브래킷을 가져오지 않았는지, 아님 아예 안 온건지 중형만 들어있더라 그래서 일단 공식 치수 기준으로 씀)",가로 20mm 세로 24mm 높이 24mm,P2-R54,사용자 전사 규격,20 × 24 × 24; 소형 실물 보유 불확실,외곽만 참고 CAD에 반영; 두께·홀·돌기 미확정,조건부 확인,고정부는 보유 중형으로 재배치 가능. 회전부에 쓸 때만 두께·돌기·체결 여유 확인,부품 치수.xlsx / 시트1 / 7행
8,7,중형 ㄱ자 브래킷,네이쳐툴 ㄱ자 선반 꺽쇠 코너 기억자 코너철 소형 - 중형,2차,55.0,칠측 완료,가로 30mm 세로 25m 높이 25mm,P2-R55,실측,30 × 25 × 25,기존 30 × 40 × 40 외곽 수정; 두께 2는 가정,현장 조정,고정된 판의 홀은 실물 꺽쇠 전사. 카메라 회전부에 채택하면 회전 간격 확인,부품 치수.xlsx / 시트1 / 8행
9,8,12V→19V 승압 컨버터,12V→19V DC 승압 컨버터 190W,2차,22.0,실측 완료,가로 75mm 세로 75mm 높이 31mm,P2-R22,실측,75 × 75 × 31,기존 형상 유지,현장 조정,방열·배선 여유를 남기고 고정홀만 실물 전사,부품 치수.xlsx / 시트1 / 9행
10,9,4구 퓨즈박스,차량용 퓨즈박스 4구 키트 SZH-JA020,1차,20.0,실측 완료,가로 53 mm	세로 86mm	높이 42mm,P1-016,실측,53 × 86 × 42,기존 받침+덮개 전체 외곽 유지,현장 조정,덮개 탈착·퓨즈 교체 공간을 실물로 확인,부품 치수.xlsx / 시트1 / 10행
11,11,접지 부스바·DC 배전 단자대,접지부스바·DC 배전 단자대 ×2,1차,22.0,실측 완료,가로 약165mm 세로 15mm 높이 18mm,P1-018,근사 실측,"≈165 × 15 × 18, 2개",선택 재고 외곽 STEP; 본체에 강제 장착하지 않음,현장 조정,채택할 때 고정홀 전사. 단자 수·내부 연결·극 배정은 별도 확인,부품 치수.xlsx / 시트1 / 11행
12,12,LED 원형 로커 스위치,12V 20A LED 원형 로커 스위치 3핀 차량·선박 겸용 2pcs,1차,33.0,실측 완료했으나 다시 재야할지도. 공식 치수랑 너무 심하게 달라서 ,"- 장착 몸통 지름: 약 20mm
- 외부 테두리 지름: 약 27mm
- 전체 높이: 약 34.2mm",P1-029,근사 실측,몸통 Ø≈20; 테두리 Ø≈27; 전체 34.2,외곽·뒤쪽 여유 수정. 구멍은 테두리 27로 뚫지 않음,조건부 확인,5T 자투리에 Ø20 시험 구멍을 만들어 걸림턱·끼움 확인 후 본판에 전사,부품 치수.xlsx / 시트1 / 12행
13,13,서보모터 금속 브래킷,아두이노 MG995 MG996용 서보모터 브라켓 METAL-BRACKET,2차,78.0,실측 최우선,"오른쪽 사진처럼 놓는다는 가정 하에 ㄷ자: 가로 64mm 세로 55mm 높이 25mm
ㄷ자 아니고 다른거: 사진처럼 놓는다는 가정 하에: 가로 58mm 세로 37 높이 25mm",P2-R78,사진 근사 실측,ㄷ자 64 × 55 × 25; 다른 프레임 58 × 37 × 25,선택 재고 외곽 STEP; 정밀 홀·회전축 미생성,조건부 확인,회전 지지부로 채택할 때만 안쪽 폭·두께·축홀/베어링 치수 필요,부품 치수.xlsx / 시트1 / 13행
14,14,웹캠,Logitech C920 HD 1080p 웹캠,1차,22.0,"나흠 실측, 사진 표기 기준","본체 가로: 약 95mm
본체 높이: 약 28mm
하단 거치부 가로: 약 45mm
하단부 높이: 약 18mm
측면 기준 길이: 약 44mm
앞쪽 돌출부 깊이: 약 20mm
거치부 포함 측면 전체 길이: 약 57mm",P1-003,사진 근사 실측,본체 95 × 20 × 28; 클립 44 × 45 × 18; 접힌 측면 전체 57,본체/클립 따로 보정. 상대 힌지 자세는 추정,현장 조정,구매 행 22 오기를 모델명으로 원본 7행에 연결. 스트랩·EVA는 실물에 맞춤,부품 치수.xlsx / 시트1 / 14행
