ITEM,PART NAME,QTY,TYPE,SOURCE,DRAWING No.,NOTE
501,Custom-length insulating spacer 11.610; add-required if kit cannot stack to length,4,FASTENER,ASSUMED,B-001 / D series,Quantity = modeled instances; verify stock specification
502,Custom-length insulating spacer 40.610; add-required if kit cannot stack to length,4,FASTENER,ASSUMED,B-001 / D series,Quantity = modeled instances; verify stock specification
503,"M2 nominal thread, no helical detail",4,FASTENER,DATASHEET,B-001 / D series,Quantity = modeled instances; verify stock specification
504,"M2.5 nominal thread, no helical detail",12,FASTENER,DATASHEET,B-001 / D series,Quantity = modeled instances; verify stock specification
505,M2.5 spacer L10; verify stock kit length,4,FASTENER,ASSUMED,B-001 / D series,Quantity = modeled instances; verify stock specification
506,"M2.5x10; symbolic head, verify actual tool/head",8,FASTENER,DATASHEET,B-001 / D series,Quantity = modeled instances; verify stock specification
507,"M2.5x18; symbolic head, verify actual tool/head",8,FASTENER,DATASHEET,B-001 / D series,Quantity = modeled instances; verify stock specification
508,"M2.5x8; symbolic head, verify actual tool/head",4,FASTENER,DATASHEET,B-001 / D series,Quantity = modeled instances; verify stock specification
509,"M2x10; symbolic head, verify actual tool/head",6,FASTENER,DATASHEET,B-001 / D series,Quantity = modeled instances; verify stock specification
510,"M2x12; symbolic head, verify actual tool/head",20,FASTENER,DATASHEET,B-001 / D series,Quantity = modeled instances; verify stock specification
511,"M2x6; symbolic head, verify actual tool/head",2,FASTENER,DATASHEET,B-001 / D series,Quantity = modeled instances; verify stock specification
512,"M3 nominal thread, no helical detail",68,FASTENER,DATASHEET,B-001 / D series,Quantity = modeled instances; verify stock specification
513,M3 spacer L10; verify stock kit length,20,FASTENER,ASSUMED,B-001 / D series,Quantity = modeled instances; verify stock specification
514,M3 spacer L3; verify stock kit length,4,FASTENER,ASSUMED,B-001 / D series,Quantity = modeled instances; verify stock specification
515,M3 spacer L6; verify stock kit length,4,FASTENER,ASSUMED,B-001 / D series,Quantity = modeled instances; verify stock specification
516,"M3x10; symbolic head, verify actual tool/head",72,FASTENER,DATASHEET,B-001 / D series,Quantity = modeled instances; verify stock specification
517,"M3x12; symbolic head, verify actual tool/head",48,FASTENER,DATASHEET,B-001 / D series,Quantity = modeled instances; verify stock specification
518,"M3x14; symbolic head, verify actual tool/head",8,FASTENER,DATASHEET,B-001 / D series,Quantity = modeled instances; verify stock specification
519,"M3x16; symbolic head, verify actual tool/head",36,FASTENER,DATASHEET,B-001 / D series,Quantity = modeled instances; verify stock specification
520,"M3x30; symbolic head, verify actual tool/head",4,FASTENER,DATASHEET,B-001 / D series,Quantity = modeled instances; verify stock specification
521,"M3x8; symbolic head, verify actual tool/head",20,FASTENER,DATASHEET,B-001 / D series,Quantity = modeled instances; verify stock specification
522,"M4 nominal thread, no helical detail",128,FASTENER,DATASHEET,B-001 / D series,Quantity = modeled instances; verify stock specification
523,"M4x12; symbolic head, verify actual tool/head",80,FASTENER,DATASHEET,B-001 / D series,Quantity = modeled instances; verify stock specification
524,"M4x15; symbolic head, verify actual tool/head",1,FASTENER,DATASHEET,B-001 / D series,Quantity = modeled instances; verify stock specification
525,"M4x16; symbolic head, verify actual tool/head",16,FASTENER,DATASHEET,B-001 / D series,Quantity = modeled instances; verify stock specification
526,"M4x25; symbolic head, verify actual tool/head",4,FASTENER,DATASHEET,B-001 / D series,Quantity = modeled instances; verify stock specification
527,"Modeled hardware [0.8, 12.0, 12.0] mm envelope",48,FASTENER,DATASHEET,B-001 / D series,Quantity = modeled instances; verify stock specification
528,"Modeled hardware [0.8, 7.0, 7.0] mm envelope",8,FASTENER,DATASHEET,B-001 / D series,Quantity = modeled instances; verify stock specification
529,"Modeled hardware [6.0, 6.0, 13.9] mm envelope",4,FASTENER,CUSTOM,B-001 / D series,Quantity = modeled instances; verify stock specification
530,"Official2.5mm hole, additionalM2 fastening",4,FASTENER,CUSTOM,B-001 / D series,Quantity = modeled instances; verify stock specification
531,"Sleeve or spacer stack L16.000, additional when absent from kit",4,FASTENER,ASSUMED,B-001 / D series,Quantity = modeled instances; verify stock specification
532,"Sleeve or spacer stack L39.610, additional when absent from kit",4,FASTENER,ASSUMED,B-001 / D series,Quantity = modeled instances; verify stock specification
533,"Sleeve or spacer stack L75.610, additional when absent from kit",4,FASTENER,ASSUMED,B-001 / D series,Quantity = modeled instances; verify stock specification
