Drawing,Part,ID,Type,X_mm,Y_mm,DIA_mm,Width_mm,Height_mm
F-101,CUSTOM_BOTTOM_PLATE,H01,HOLE,263.00000009999997,13.000000100000001,4.499999999999996,4.5,4.5
F-101,CUSTOM_BOTTOM_PLATE,H02,CUTOUT,40.5000001,14.000000100000001,,5.5,6.5
F-101,CUSTOM_BOTTOM_PLATE,H03,HOLE,10.0000001,15.000000100000001,4.5,4.5,4.5
F-101,CUSTOM_BOTTOM_PLATE,H04,HOLE,26.0000001,15.000000100000001,4.5,4.5,4.5
F-101,CUSTOM_BOTTOM_PLATE,H05,HOLE,83.0000001,15.000000100000001,4.500000000000001,4.5,4.5
F-101,CUSTOM_BOTTOM_PLATE,H06,HOLE,97.0000001,15.000000100000001,4.500000000000001,4.5,4.5
F-101,CUSTOM_BOTTOM_PLATE,H07,HOLE,149.969558704152,15.000000100000001,4.499999999999995,4.5,4.5
F-101,CUSTOM_BOTTOM_PLATE,H08,HOLE,213.0000001,15.000000100000001,4.499999999999995,4.5,4.5
F-101,CUSTOM_BOTTOM_PLATE,H09,HOLE,227.0000001,15.000000100000001,4.499999999999995,4.5,4.5
F-101,CUSTOM_BOTTOM_PLATE,H10,HOLE,270.0000001,15.000000100000001,4.500000000000005,4.5,4.5
F-101,CUSTOM_BOTTOM_PLATE,H11,HOLE,284.0000001,15.000000100000001,4.500000000000005,4.5,4.5
F-101,CUSTOM_BOTTOM_PLATE,H12,HOLE,290.0000001,15.000000100000001,4.500000000000005,4.5,4.5
F-101,CUSTOM_BOTTOM_PLATE,H13,HOLE,41.0000001,27.0000001,4.499999999999998,4.5,4.5
F-101,CUSTOM_BOTTOM_PLATE,H14,HOLE,135.969558704152,27.0000001,3.4000000000000004,3.3999999999999773,3.3999999999999986
F-101,CUSTOM_BOTTOM_PLATE,H15,HOLE,163.969558704152,27.0000001,3.4,3.3999999999999773,3.3999999999999986
F-101,CUSTOM_BOTTOM_PLATE,H16,HOLE,263.00000009999997,27.0000001,4.499999999999996,4.5,4.5
F-101,CUSTOM_BOTTOM_PLATE,H17,HOLE,273.0000001,28.0000001,3.4000000000000004,3.3999999999999773,3.3999999999999986
F-101,CUSTOM_BOTTOM_PLATE,H18,CUTOUT,236.40125581123857,29.2750001,,4.5974885775228245,5.949999999999999
F-101,CUSTOM_BOTTOM_PLATE,H19,HOLE,79.58660588582687,30.0000001,4.500000000000001,4.5,4.5
F-101,CUSTOM_BOTTOM_PLATE,H20,HOLE,220.35251152247716,30.0000001,4.499999999999995,4.5,4.5
F-101,CUSTOM_BOTTOM_PLATE,H21,CUTOUT,64.01830299291343,31.225000100000003,,5.36339421417312,6.950000000000003
F-101,CUSTOM_BOTTOM_PLATE,H22,HOLE,33.0000001,33.0000001,4.499999999999998,4.5,4.5
F-101,CUSTOM_BOTTOM_PLATE,H23,HOLE,58.0000001,33.0000001,4.499999999999999,4.5,4.5
F-101,CUSTOM_BOTTOM_PLATE,H24,HOLE,103.0000001,33.0000001,4.599999999999999,4.599999999999994,4.599999999999998
F-101,CUSTOM_BOTTOM_PLATE,H25,HOLE,187.0000001,33.0000001,4.499999999999995,4.5,4.5
F-101,CUSTOM_BOTTOM_PLATE,H26,CUTOUT,213.0000001,33.9750001,,4.600000000000023,6.550000000000001
F-101,CUSTOM_BOTTOM_PLATE,H27,HOLE,26.0000001,35.0000001,4.499999999999998,4.5,4.5
F-101,CUSTOM_BOTTOM_PLATE,H28,HOLE,40.0000001,35.0000001,4.499999999999998,4.5,4.5
F-101,CUSTOM_BOTTOM_PLATE,H29,HOLE,83.0000001,35.0000001,4.499999999999999,4.5,4.5
F-101,CUSTOM_BOTTOM_PLATE,H30,HOLE,97.0000001,35.0000001,4.499999999999999,4.5,4.5
F-101,CUSTOM_BOTTOM_PLATE,H31,HOLE,227.0000001,35.0000001,4.499999999999995,4.5,4.5
F-101,CUSTOM_BOTTOM_PLATE,H32,HOLE,270.0000001,35.0000001,4.500000000000005,4.5,4.5
F-101,CUSTOM_BOTTOM_PLATE,H33,HOLE,284.0000001,35.0000001,4.500000000000005,4.5,4.5
F-101,CUSTOM_BOTTOM_PLATE,H34,HOLE,33.0000001,47.0000001,4.499999999999998,4.5,4.5
F-101,CUSTOM_BOTTOM_PLATE,H35,HOLE,58.0000001,47.0000001,4.5,4.5,4.5
F-101,CUSTOM_BOTTOM_PLATE,H36,HOLE,103.0000001,47.0000001,4.599999999999998,4.599999999999994,4.599999999999994
F-101,CUSTOM_BOTTOM_PLATE,H37,HOLE,187.0000001,47.0000001,4.499999999999995,4.5,4.5
F-101,CUSTOM_BOTTOM_PLATE,H38,HOLE,213.0000001,47.0000001,4.6,4.600000000000023,4.599999999999994
F-101,CUSTOM_BOTTOM_PLATE,H39,HOLE,25.0000001,49.55462501598309,4.500000000000001,4.5,4.5
F-101,CUSTOM_BOTTOM_PLATE,H40,HOLE,274.93911730830405,49.55462501598309,4.500000000000007,4.5,4.5
F-101,CUSTOM_BOTTOM_PLATE,H41,CUTOUT,213.92500009999998,53.510625099999984,,10.650000000000034,5.821250000000028
F-101,CUSTOM_BOTTOM_PLATE,H42,HOLE,65.0000001,60.0000001,3.4000000000000012,3.4000000000000057,3.4000000000000057
F-101,CUSTOM_BOTTOM_PLATE,H43,HOLE,187.0000001,60.0000001,3.4,3.3999999999999773,3.4000000000000057
F-101,CUSTOM_BOTTOM_PLATE,H44,HOLE,237.0000001,60.0000001,3.4,3.3999999999999773,3.4000000000000057
F-101,CUSTOM_BOTTOM_PLATE,H45,HOLE,238.0000001,69.0000001,3.3999999999999986,3.3999999999999773,3.4000000000000057
F-101,CUSTOM_BOTTOM_PLATE,H46,HOLE,68.0000001,70.0000001,3.3999999999999995,3.4000000000000057,3.4000000000000057
F-101,CUSTOM_BOTTOM_PLATE,H47,SLOT,102.0000001,70.00000010000001,,30.0,4.0
F-101,CUSTOM_BOTTOM_PLATE,H48,SLOT,188.0000001,70.00000010000001,,30.0,4.0
F-101,CUSTOM_BOTTOM_PLATE,H49,HOLE,228.0000001,70.0000001,3.3999999999999986,3.3999999999999773,3.4000000000000057
F-101,CUSTOM_BOTTOM_PLATE,H50,HOLE,51.6247001,77.64840010000002,4.500000000000001,4.5,4.5
F-101,CUSTOM_BOTTOM_PLATE,H51,HOLE,238.4383001,80.43300010000002,4.499999999999996,4.5,4.5
F-101,CUSTOM_BOTTOM_PLATE,H52,SLOT,275.50000009999997,87.1500001,,17.000000000000057,57.70000000000001
F-101,CUSTOM_BOTTOM_PLATE,H53,CUTOUT,25.5000001,88.50000010000001,,17.0,55.00000000000001
F-101,CUSTOM_BOTTOM_PLATE,H54,HOLE,22.0000001,125.7150567272343,3.4,3.3999999999999986,3.4000000000000057
F-101,CUSTOM_BOTTOM_PLATE,H55,HOLE,277.93911730830405,125.7150567272343,3.3999999999999995,3.3999999999999773,3.4000000000000057
F-101,CUSTOM_BOTTOM_PLATE,H56,HOLE,238.4383001,143.18040009999999,4.4999999999999885,4.5,4.5
F-101,CUSTOM_BOTTOM_PLATE,H57,HOLE,51.6247001,145.9651001,4.499999999999992,4.5,4.5
F-101,CUSTOM_BOTTOM_PLATE,H58,SLOT,102.0000001,153.0000001,,30.0,4.0
F-101,CUSTOM_BOTTOM_PLATE,H59,SLOT,188.0000001,153.0000001,,30.0,4.0
F-101,CUSTOM_BOTTOM_PLATE,H60,HOLE,238.0000001,153.0000001,3.3999999999999937,3.3999999999999773,3.3999999999999773
F-101,CUSTOM_BOTTOM_PLATE,H61,HOLE,280.0000001,153.0000001,3.399999999999994,3.3999999999999773,3.3999999999999773
F-101,CUSTOM_BOTTOM_PLATE,H62,HOLE,68.0000001,154.0000001,3.399999999999995,3.4000000000000057,3.3999999999999773
F-101,CUSTOM_BOTTOM_PLATE,H63,HOLE,228.0000001,154.0000001,3.3999999999999937,3.3999999999999773,3.3999999999999773
F-101,CUSTOM_BOTTOM_PLATE,H64,HOLE,25.0000001,157.87548843848552,4.499999999999993,4.5,4.5
F-101,CUSTOM_BOTTOM_PLATE,H65,HOLE,274.93911730830405,157.87548843848552,4.499999999999998,4.5,4.5
F-101,CUSTOM_BOTTOM_PLATE,H66,HOLE,169.0000001,159.0000001,3.3999999999999937,3.3999999999999773,3.3999999999999773
F-101,CUSTOM_BOTTOM_PLATE,H67,HOLE,245.0000001,159.0000001,3.3999999999999937,3.3999999999999773,3.3999999999999773
F-101,CUSTOM_BOTTOM_PLATE,H68,CUTOUT,213.92500009999998,169.8250001,,10.650000000000006,5.150000000000006
F-101,CUSTOM_BOTTOM_PLATE,H69,HOLE,146.0000001,172.0000001,3.3999999999999937,3.3999999999999773,3.3999999999999773
F-101,CUSTOM_BOTTOM_PLATE,H70,HOLE,222.0000001,172.0000001,3.3999999999999937,3.3999999999999773,3.3999999999999773
F-101,CUSTOM_BOTTOM_PLATE,H71,HOLE,25.0000001,173.87548843848552,4.499999999999993,4.5,4.5
F-101,CUSTOM_BOTTOM_PLATE,H72,HOLE,274.93911730830405,173.87548843848552,4.499999999999998,4.5,4.5
F-101,CUSTOM_BOTTOM_PLATE,H73,HOLE,169.0000001,186.0000001,3.3999999999999937,3.3999999999999773,3.3999999999999773
F-101,CUSTOM_BOTTOM_PLATE,H74,HOLE,245.0000001,186.0000001,3.3999999999999937,3.3999999999999773,3.3999999999999773
F-101,CUSTOM_BOTTOM_PLATE,H75,HOLE,26.0000001,188.0000001,4.499999999999991,4.5,4.5
F-101,CUSTOM_BOTTOM_PLATE,H76,HOLE,40.0000001,188.0000001,4.49999999999999,4.5,4.5
F-101,CUSTOM_BOTTOM_PLATE,H77,HOLE,83.0000001,188.0000001,4.499999999999992,4.5,4.5
F-101,CUSTOM_BOTTOM_PLATE,H78,HOLE,97.0000001,188.0000001,4.499999999999992,4.5,4.5
F-101,CUSTOM_BOTTOM_PLATE,H79,HOLE,213.0000001,188.0000001,4.4999999999999885,4.5,4.5
F-101,CUSTOM_BOTTOM_PLATE,H80,HOLE,227.0000001,188.0000001,4.4999999999999885,4.5,4.5
F-101,CUSTOM_BOTTOM_PLATE,H81,HOLE,270.0000001,188.0000001,4.499999999999998,4.5,4.5
F-101,CUSTOM_BOTTOM_PLATE,H82,HOLE,284.0000001,188.0000001,4.499999999999998,4.5,4.5
F-101,CUSTOM_BOTTOM_PLATE,H83,HOLE,63.586605885826884,193.4301133544686,4.499999999999991,4.500000000000007,4.5
F-101,CUSTOM_BOTTOM_PLATE,H84,HOLE,79.58660588582687,193.4301133544686,4.499999999999992,4.5,4.5
F-101,CUSTOM_BOTTOM_PLATE,H85,HOLE,220.35251152247716,193.4301133544686,4.4999999999999885,4.5,4.5
F-101,CUSTOM_BOTTOM_PLATE,H86,HOLE,236.35251152247716,193.4301133544686,4.4999999999999885,4.5,4.5
F-101,CUSTOM_BOTTOM_PLATE,H87,HOLE,41.0000001,196.0000001,4.499999999999991,4.5,4.5
F-101,CUSTOM_BOTTOM_PLATE,H88,HOLE,263.00000009999997,196.0000001,4.499999999999988,4.5,4.5
F-101,CUSTOM_BOTTOM_PLATE,H89,HOLE,135.969558704152,196.4301133544686,3.399999999999994,3.3999999999999773,3.3999999999999773
F-101,CUSTOM_BOTTOM_PLATE,H90,HOLE,163.969558704152,196.4301133544686,3.3999999999999937,3.3999999999999773,3.3999999999999773
F-101,CUSTOM_BOTTOM_PLATE,H91,HOLE,146.0000001,199.0000001,3.3999999999999937,3.3999999999999773,3.3999999999999773
F-101,CUSTOM_BOTTOM_PLATE,H92,HOLE,222.0000001,199.0000001,3.3999999999999937,3.3999999999999773,3.3999999999999773
F-101,CUSTOM_BOTTOM_PLATE,H93,HOLE,10.0000001,208.0000001,4.499999999999993,4.5,4.5
F-101,CUSTOM_BOTTOM_PLATE,H94,HOLE,26.0000001,208.0000001,4.499999999999991,4.5,4.5
F-101,CUSTOM_BOTTOM_PLATE,H95,HOLE,83.0000001,208.0000001,4.499999999999992,4.5,4.5
F-101,CUSTOM_BOTTOM_PLATE,H96,HOLE,97.0000001,208.0000001,4.499999999999992,4.5,4.5
F-101,CUSTOM_BOTTOM_PLATE,H97,HOLE,149.969558704152,208.0000001,4.4999999999999885,4.5,4.5
F-101,CUSTOM_BOTTOM_PLATE,H98,HOLE,213.0000001,208.0000001,4.4999999999999885,4.5,4.5
F-101,CUSTOM_BOTTOM_PLATE,H99,HOLE,227.0000001,208.0000001,4.4999999999999885,4.5,4.5
F-101,CUSTOM_BOTTOM_PLATE,H100,HOLE,270.0000001,208.0000001,4.499999999999998,4.5,4.5
F-101,CUSTOM_BOTTOM_PLATE,H101,HOLE,284.0000001,208.0000001,4.499999999999998,4.5,4.5
F-101,CUSTOM_BOTTOM_PLATE,H102,HOLE,290.0000001,208.0000001,4.499999999999998,4.5,4.5
F-101,CUSTOM_BOTTOM_PLATE,H103,CUTOUT,40.5000001,209.0000001,,5.5,6.5
F-101,CUSTOM_BOTTOM_PLATE,H104,HOLE,263.00000009999997,210.0000001,4.499999999999988,4.5,4.5
F-102,CUSTOM_BATTERY_PLATE,H01,HOLE,10.0,8.0,3.4,3.3999999999999986,3.3999999999999995
F-102,CUSTOM_BATTERY_PLATE,H02,SLOT,44.0,8.0,,30.0,4.0
F-102,CUSTOM_BATTERY_PLATE,H03,SLOT,130.0,8.0,,30.0,4.0
F-102,CUSTOM_BATTERY_PLATE,H04,HOLE,170.0,8.0,3.399999999999999,3.3999999999999773,3.3999999999999995
F-102,CUSTOM_BATTERY_PLATE,H05,HOLE,22.0,12.5,3.4,3.3999999999999986,3.3999999999999986
F-102,CUSTOM_BATTERY_PLATE,H06,HOLE,153.0,12.5,3.4,3.3999999999999773,3.3999999999999986
F-102,CUSTOM_BATTERY_PLATE,H07,HOLE,7.5,25.0,3.4,3.3999999999999995,3.3999999999999986
F-102,CUSTOM_BATTERY_PLATE,H08,HOLE,167.5,25.0,3.3999999999999995,3.3999999999999773,3.3999999999999986
F-102,CUSTOM_BATTERY_PLATE,H09,HOLE,7.5,74.0,3.4,3.3999999999999995,3.4000000000000057
F-102,CUSTOM_BATTERY_PLATE,H10,HOLE,167.5,74.0,3.3999999999999995,3.3999999999999773,3.4000000000000057
F-102,CUSTOM_BATTERY_PLATE,H11,HOLE,22.0,86.5,3.399999999999997,3.3999999999999986,3.4000000000000057
F-102,CUSTOM_BATTERY_PLATE,H12,HOLE,153.0,86.5,3.399999999999996,3.3999999999999773,3.4000000000000057
F-102,CUSTOM_BATTERY_PLATE,H13,SLOT,44.0,91.0,,30.0,4.0
F-102,CUSTOM_BATTERY_PLATE,H14,SLOT,130.0,91.0,,30.0,4.0
F-102,CUSTOM_BATTERY_PLATE,H15,HOLE,10.0,92.0,3.3999999999999995,3.3999999999999986,3.4000000000000057
F-102,CUSTOM_BATTERY_PLATE,H16,HOLE,170.0,92.0,3.3999999999999995,3.3999999999999773,3.4000000000000057
F-103,CUSTOM_CHASSIS_PAD_0_0,H01,HOLE,10.0,10.0,4.5,4.5,4.5
F-104,CUSTOM_CHASSIS_PAD_0_1,H01,HOLE,10.0,10.0,4.5,4.5,4.5
F-105,CUSTOM_CHASSIS_PAD_1_0,H01,HOLE,10.0,10.0,4.5,4.5,4.5
F-106,CUSTOM_CHASSIS_PAD_1_1,H01,HOLE,10.0,10.0,4.5,4.5,4.5
F-107,CUSTOM_CHASSIS_PAD_2_0,H01,HOLE,10.0,10.0,4.5,4.5,4.5
F-108,CUSTOM_CHASSIS_PAD_2_1,H01,HOLE,10.0,10.0,4.5,4.5,4.5
F-109,CUSTOM_CHASSIS_PAD_3_0,H01,HOLE,10.0,10.0,4.5,4.5,4.5
F-110,CUSTOM_CHASSIS_PAD_3_1,H01,HOLE,10.0,10.0,4.5,4.5,4.5
F-111,CUSTOM_ELECTRONICS_PLATE,H01,HOLE,41.0000001,13.0000001,4.499999999999999,4.5,4.5
F-111,CUSTOM_ELECTRONICS_PLATE,H02,HOLE,263.00000009999997,13.0000001,4.499999999999996,4.5,4.5
F-111,CUSTOM_ELECTRONICS_PLATE,H03,HOLE,10.0000001,15.000000100000001,4.5,4.5,4.500000000000002
F-111,CUSTOM_ELECTRONICS_PLATE,H04,HOLE,149.969558704152,15.000000100000001,4.4999999999999964,4.5,4.500000000000002
F-111,CUSTOM_ELECTRONICS_PLATE,H05,HOLE,290.0000001,15.000000100000001,4.500000000000006,4.5,4.500000000000002
F-111,CUSTOM_ELECTRONICS_PLATE,H06,CUTOUT,127.00000010000001,20.386857047211073,,8.80000000000004,14.21205265024152
F-111,CUSTOM_ELECTRONICS_PLATE,H07,HOLE,41.0000001,27.0000001,4.499999999999998,4.5,4.5
F-111,CUSTOM_ELECTRONICS_PLATE,H08,HOLE,263.00000009999997,27.0000001,4.4999999999999964,4.5,4.5
F-111,CUSTOM_ELECTRONICS_PLATE,H09,HOLE,131.0000001,43.0000001,3.4,3.3999999999999773,3.4000000000000057
F-111,CUSTOM_ELECTRONICS_PLATE,H10,HOLE,234.0000001,45.7000001,3.4,3.3999999999999773,3.4000000000000057
F-111,CUSTOM_ELECTRONICS_PLATE,H11,HOLE,294.0000001,45.7000001,3.4000000000000004,3.3999999999999773,3.4000000000000057
F-111,CUSTOM_ELECTRONICS_PLATE,H12,HOLE,147.9210001,49.9210001,3.4,3.3999999999999773,3.4000000000000057
F-111,CUSTOM_ELECTRONICS_PLATE,H13,HOLE,226.6610001,49.9210001,3.4,3.3999999999999773,3.4000000000000057
F-111,CUSTOM_ELECTRONICS_PLATE,H14,SLOT,20.0000001,61.000000099999994,,15.000000000000007,49.99999999999999
F-111,CUSTOM_ELECTRONICS_PLATE,H15,CUTOUT,80.0000001,84.5000001,,74.0,52.99999999999999
F-111,CUSTOM_ELECTRONICS_PLATE,H16,SLOT,280.0000001,91.0000001,,15.0,50.0
F-111,CUSTOM_ELECTRONICS_PLATE,H17,HOLE,147.9210001,105.8010001,3.3999999999999995,3.3999999999999773,3.4000000000000057
F-111,CUSTOM_ELECTRONICS_PLATE,H18,HOLE,226.6610001,105.8010001,3.3999999999999995,3.3999999999999773,3.4000000000000057
F-111,CUSTOM_ELECTRONICS_PLATE,H19,HOLE,237.0000001,116.0000001,3.3999999999999995,3.3999999999999773,3.4000000000000057
F-111,CUSTOM_ELECTRONICS_PLATE,H20,HOLE,257.00000009999997,116.0000001,3.3999999999999932,3.3999999999999773,3.4000000000000057
F-111,CUSTOM_ELECTRONICS_PLATE,H21,HOLE,261.00000009999997,116.0000001,3.400000000000003,3.3999999999999773,3.4000000000000057
F-111,CUSTOM_ELECTRONICS_PLATE,H22,HOLE,178.0000001,117.0000001,3.3999999999999995,3.3999999999999773,3.4000000000000057
F-111,CUSTOM_ELECTRONICS_PLATE,H23,HOLE,198.0000001,117.0000001,3.3999999999999995,3.3999999999999773,3.4000000000000057
F-111,CUSTOM_ELECTRONICS_PLATE,H24,HOLE,203.5400001,126.5400001,3.399999999999999,3.3999999999999773,3.4000000000000057
F-111,CUSTOM_ELECTRONICS_PLATE,H25,HOLE,223.8600001,126.5400001,3.399999999999999,3.3999999999999773,3.4000000000000057
F-111,CUSTOM_ELECTRONICS_PLATE,H26,HOLE,237.0000001,128.0000001,3.399999999999995,3.3999999999999773,3.3999999999999915
F-111,CUSTOM_ELECTRONICS_PLATE,H27,HOLE,257.00000009999997,128.0000001,3.3999999999999893,3.3999999999999773,3.3999999999999915
F-111,CUSTOM_ELECTRONICS_PLATE,H28,HOLE,178.0000001,129.0000001,3.3999999999999946,3.3999999999999773,3.3999999999999915
F-111,CUSTOM_ELECTRONICS_PLATE,H29,HOLE,198.0000001,129.0000001,3.3999999999999946,3.3999999999999773,3.3999999999999915
F-111,CUSTOM_ELECTRONICS_PLATE,H30,HOLE,237.0000001,133.0000001,3.3999999999999915,3.3999999999999773,3.3999999999999773
F-111,CUSTOM_ELECTRONICS_PLATE,H31,HOLE,261.00000009999997,133.0000001,3.3999999999999955,3.3999999999999773,3.3999999999999773
F-111,CUSTOM_ELECTRONICS_PLATE,H32,HOLE,233.5000001,134.5000001,3.3999999999999915,3.3999999999999773,3.3999999999999773
F-111,CUSTOM_ELECTRONICS_PLATE,H33,HOLE,269.0000001,134.5000001,3.399999999999992,3.3999999999999773,3.3999999999999773
F-111,CUSTOM_ELECTRONICS_PLATE,H34,HOLE,136.0000001,136.0000001,3.399999999999992,3.3999999999999773,3.3999999999999773
F-111,CUSTOM_ELECTRONICS_PLATE,H35,HOLE,190.0000001,136.0000001,3.3999999999999915,3.3999999999999773,3.3999999999999773
F-111,CUSTOM_ELECTRONICS_PLATE,H36,HOLE,22.0000001,140.0000001,3.3999999999999924,3.3999999999999986,3.3999999999999773
F-111,CUSTOM_ELECTRONICS_PLATE,H37,HOLE,131.0000001,140.0000001,3.399999999999992,3.3999999999999773,3.3999999999999773
F-111,CUSTOM_ELECTRONICS_PLATE,H38,HOLE,138.0000001,140.0000001,3.3999999999999884,3.3999999999999773,3.3999999999999773
F-111,CUSTOM_ELECTRONICS_PLATE,H39,HOLE,187.0000001,140.0000001,3.3999999999999915,3.3999999999999773,3.3999999999999773
F-111,CUSTOM_ELECTRONICS_PLATE,H40,HOLE,203.5400001,144.3200001,3.3999999999999937,3.3999999999999773,3.3999999999999773
F-111,CUSTOM_ELECTRONICS_PLATE,H41,HOLE,223.8600001,144.3200001,3.3999999999999937,3.3999999999999773,3.3999999999999773
F-111,CUSTOM_ELECTRONICS_PLATE,H42,CUTOUT,190.0000001,148.84313735490196,,4.100000000000023,4.178072508765808
F-111,CUSTOM_ELECTRONICS_PLATE,H43,CUTOUT,45.0000001,149.8750001,,12.0,4.25
F-111,CUSTOM_ELECTRONICS_PLATE,H44,CUTOUT,116.0000001,149.8750001,,12.0,4.25
F-111,CUSTOM_ELECTRONICS_PLATE,H45,HOLE,30.0000001,152.0000001,3.3999999999999946,3.3999999999999986,3.3999999999999773
F-111,CUSTOM_ELECTRONICS_PLATE,H46,HOLE,131.0000001,152.0000001,3.399999999999994,3.3999999999999773,3.3999999999999773
F-111,CUSTOM_ELECTRONICS_PLATE,H47,CUTOUT,199.08327791243624,153.516339965636,,4.825846897283526,4.923991485814184
F-111,CUSTOM_ELECTRONICS_PLATE,H48,HOLE,233.5000001,154.5000001,3.3999999999999937,3.3999999999999773,3.3999999999999773
F-111,CUSTOM_ELECTRONICS_PLATE,H49,HOLE,269.0000001,154.5000001,3.399999999999994,3.3999999999999773,3.3999999999999773
F-111,CUSTOM_ELECTRONICS_PLATE,H50,CUTOUT,60.000000099999994,159.2500001,,11.199999999999989,2.8000000000000114
F-111,CUSTOM_ELECTRONICS_PLATE,H51,CUTOUT,116.00000010000001,159.2500001,,11.200000000000017,2.8000000000000114
F-111,CUSTOM_ELECTRONICS_PLATE,H52,HOLE,201.0000001,161.0000001,3.3999999999999937,3.3999999999999773,3.3999999999999773
F-111,CUSTOM_ELECTRONICS_PLATE,H53,HOLE,258.00000009999997,161.0000001,3.3999999999999977,3.3999999999999773,3.3999999999999773
F-111,CUSTOM_ELECTRONICS_PLATE,H54,HOLE,30.0000001,162.0000001,3.3999999999999946,3.3999999999999986,3.3999999999999773
F-111,CUSTOM_ELECTRONICS_PLATE,H55,HOLE,131.0000001,162.0000001,3.399999999999994,3.3999999999999773,3.3999999999999773
F-111,CUSTOM_ELECTRONICS_PLATE,H56,HOLE,138.0000001,163.0000001,3.3999999999999906,3.3999999999999773,3.3999999999999773
F-111,CUSTOM_ELECTRONICS_PLATE,H57,HOLE,187.0000001,163.0000001,3.3999999999999937,3.3999999999999773,3.3999999999999773
F-111,CUSTOM_ELECTRONICS_PLATE,H58,HOLE,136.0000001,166.0000001,3.399999999999994,3.3999999999999773,3.3999999999999773
F-111,CUSTOM_ELECTRONICS_PLATE,H59,HOLE,190.0000001,166.0000001,3.3999999999999937,3.3999999999999773,3.3999999999999773
F-111,CUSTOM_ELECTRONICS_PLATE,H60,HOLE,234.0000001,177.70000009999998,3.3999999999999937,3.3999999999999773,3.3999999999999773
F-111,CUSTOM_ELECTRONICS_PLATE,H61,HOLE,294.0000001,177.70000009999998,3.399999999999994,3.3999999999999773,3.3999999999999773
F-111,CUSTOM_ELECTRONICS_PLATE,H62,HOLE,133.0000001,181.0000001,3.399999999999994,3.3999999999999773,3.3999999999999773
F-111,CUSTOM_ELECTRONICS_PLATE,H63,HOLE,165.0000001,181.0000001,3.3999999999999937,3.3999999999999773,3.3999999999999773
F-111,CUSTOM_ELECTRONICS_PLATE,H64,HOLE,201.0000001,183.0000001,3.3999999999999937,3.3999999999999773,3.3999999999999773
F-111,CUSTOM_ELECTRONICS_PLATE,H65,HOLE,258.00000009999997,183.0000001,3.3999999999999977,3.3999999999999773,3.3999999999999773
F-111,CUSTOM_ELECTRONICS_PLATE,H66,HOLE,194.0000001,191.0000001,3.3999999999999937,3.3999999999999773,3.3999999999999773
F-111,CUSTOM_ELECTRONICS_PLATE,H67,HOLE,217.0000001,191.0000001,3.3999999999999937,3.3999999999999773,3.3999999999999773
F-111,CUSTOM_ELECTRONICS_PLATE,H68,HOLE,30.0000001,193.0000001,3.3999999999999946,3.3999999999999986,3.3999999999999773
F-111,CUSTOM_ELECTRONICS_PLATE,H69,HOLE,131.0000001,193.0000001,3.399999999999994,3.3999999999999773,3.3999999999999773
F-111,CUSTOM_ELECTRONICS_PLATE,H70,CUTOUT,44.8750001,195.6250001,,12.25,5.25
F-111,CUSTOM_ELECTRONICS_PLATE,H71,CUTOUT,116.0000001,195.6250001,,12.0,5.25
F-111,CUSTOM_ELECTRONICS_PLATE,H72,HOLE,263.00000009999997,196.0000001,4.499999999999988,4.5,4.5
F-111,CUSTOM_ELECTRONICS_PLATE,H73,HOLE,165.0000001,201.0000001,3.3999999999999937,3.3999999999999773,3.3999999999999773
F-111,CUSTOM_ELECTRONICS_PLATE,H74,CUTOUT,132.0000001,202.0000001,,5.399999999999977,5.399999999999977
F-111,CUSTOM_ELECTRONICS_PLATE,H75,HOLE,194.0000001,202.0000001,3.3999999999999937,3.3999999999999773,3.3999999999999773
F-111,CUSTOM_ELECTRONICS_PLATE,H76,HOLE,217.0000001,202.0000001,3.3999999999999937,3.3999999999999773,3.3999999999999773
F-111,CUSTOM_ELECTRONICS_PLATE,H77,HOLE,30.0000001,203.0000001,3.3999999999999946,3.3999999999999986,3.3999999999999773
F-111,CUSTOM_ELECTRONICS_PLATE,H78,HOLE,242.0000001,204.0000001,3.3999999999999937,3.3999999999999773,3.3999999999999773
F-111,CUSTOM_ELECTRONICS_PLATE,H79,HOLE,274.0000001,204.0000001,3.399999999999994,3.3999999999999773,3.3999999999999773
F-111,CUSTOM_ELECTRONICS_PLATE,H80,CUTOUT,60.000000099999994,206.75000010000002,,11.199999999999989,2.80000000000004
F-111,CUSTOM_ELECTRONICS_PLATE,H81,CUTOUT,116.00000010000001,206.7500001,,11.200000000000017,2.8000000000000114
F-111,CUSTOM_ELECTRONICS_PLATE,H82,HOLE,10.0000001,208.0000001,4.499999999999993,4.5,4.5
F-111,CUSTOM_ELECTRONICS_PLATE,H83,HOLE,149.969558704152,208.0000001,4.4999999999999885,4.5,4.5
F-111,CUSTOM_ELECTRONICS_PLATE,H84,HOLE,290.0000001,208.0000001,4.499999999999998,4.5,4.5
F-111,CUSTOM_ELECTRONICS_PLATE,H85,HOLE,41.0000001,210.0000001,4.499999999999991,4.5,4.5
F-111,CUSTOM_ELECTRONICS_PLATE,H86,HOLE,263.00000009999997,210.0000001,4.499999999999988,4.5,4.5
F-111,CUSTOM_ELECTRONICS_PLATE,H87,HOLE,242.0000001,216.0000001,3.3999999999999937,3.3999999999999773,3.3999999999999773
F-111,CUSTOM_ELECTRONICS_PLATE,H88,HOLE,274.0000001,216.0000001,3.399999999999994,3.3999999999999773,3.3999999999999773
F-112,CUSTOM_LEFT_PANEL,H01,HOLE,35.9000001,8.000000100000278,4.4999999999999964,4.5,4.5
F-112,CUSTOM_LEFT_PANEL,H02,HOLE,257.9000001,8.000000100000278,4.499999999999973,4.5,4.5
F-112,CUSTOM_LEFT_PANEL,H03,CUTOUT,14.186292967388274,9.813321329758672,,10.67258573477655,8.506426899189387
F-112,CUSTOM_LEFT_PANEL,H04,HOLE,77.9000001,10.000000100000278,4.499999999999996,4.5,4.5
F-112,CUSTOM_LEFT_PANEL,H05,HOLE,91.9000001,10.000000100000278,4.499999999999996,4.5,4.5
F-112,CUSTOM_LEFT_PANEL,H06,HOLE,207.9000001,10.000000100000278,4.4999999999999885,4.5,4.5
F-112,CUSTOM_LEFT_PANEL,H07,HOLE,221.9000001,10.000000100000278,4.4999999999999885,4.5,4.5
F-112,CUSTOM_LEFT_PANEL,H08,HOLE,35.9000001,22.00000010000028,4.4999999999999964,4.5,4.5
F-112,CUSTOM_LEFT_PANEL,H09,HOLE,257.9000001,22.00000010000028,4.499999999999973,4.5,4.5
F-112,CUSTOM_LEFT_PANEL,H10,CUTOUT,143.9000001,60.80687097138397,,172.0,66.11374174276739
F-112,CUSTOM_LEFT_PANEL,H11,SLOT,25.9000001,66.0000001,,12.000000000000004,43.99999999999999
F-112,CUSTOM_LEFT_PANEL,H12,SLOT,257.9000001,66.0000001,,12.0,43.99999999999999
F-112,CUSTOM_LEFT_PANEL,H13,CUTOUT,268.17500010000003,95.61010788016398,,25.05000000000001,20.400000000000006
F-112,CUSTOM_LEFT_PANEL,H14,HOLE,35.9000001,98.61010788016398,4.4999999999999964,4.5,4.5
F-112,CUSTOM_LEFT_PANEL,H15,HOLE,19.900000099999986,105.61010788016398,4.100000000000002,4.100000000000001,4.099999999999994
F-112,CUSTOM_LEFT_PANEL,H16,HOLE,15.4000001,110.61010788016398,2.2000000000000055,2.200000000000001,2.1999999999999886
F-112,CUSTOM_LEFT_PANEL,H17,HOLE,24.4000001,110.61010788016398,2.200000000000006,2.200000000000003,2.1999999999999886
F-112,CUSTOM_LEFT_PANEL,H18,HOLE,90.4000001,110.61010788016398,2.200000000000005,2.1999999999999886,2.1999999999999886
F-112,CUSTOM_LEFT_PANEL,H19,HOLE,99.4000001,110.61010788016398,2.200000000000005,2.1999999999999886,2.1999999999999886
F-112,CUSTOM_LEFT_PANEL,H20,HOLE,180.4000001,110.61010788016398,2.200000000000007,2.1999999999999886,2.1999999999999886
F-112,CUSTOM_LEFT_PANEL,H21,HOLE,189.4000001,110.61010788016398,2.200000000000007,2.1999999999999886,2.1999999999999886
F-112,CUSTOM_LEFT_PANEL,H22,HOLE,280.4000001,110.61010788016398,2.199999999999989,2.2000000000000455,2.1999999999999886
F-112,CUSTOM_LEFT_PANEL,H23,HOLE,289.4000001,110.61010788016398,2.199999999999989,2.2000000000000455,2.1999999999999886
F-112,CUSTOM_LEFT_PANEL,H24,CUTOUT,34.3667879321567,111.53510783387436,,7.566424335686605,6.6500000925792335
F-112,CUSTOM_LEFT_PANEL,H25,CUTOUT,122.35792572202638,111.86625634101735,,11.079487260891213,6.735489681643486
F-112,CUSTOM_LEFT_PANEL,H26,HOLE,257.9000001,112.61010788016398,4.499999999999973,4.5,4.5
F-113,CUSTOM_RIGHT_PANEL,H01,HOLE,35.9000001,8.000000100000278,4.4999999999999964,4.5,4.5
F-113,CUSTOM_RIGHT_PANEL,H02,HOLE,257.9000001,8.000000100000278,4.499999999999973,4.5,4.5
F-113,CUSTOM_RIGHT_PANEL,H03,HOLE,77.9000001,10.000000100000278,4.499999999999996,4.5,4.5
F-113,CUSTOM_RIGHT_PANEL,H04,HOLE,91.9000001,10.000000100000278,4.499999999999996,4.5,4.5
F-113,CUSTOM_RIGHT_PANEL,H05,HOLE,207.9000001,10.000000100000278,4.4999999999999885,4.5,4.5
F-113,CUSTOM_RIGHT_PANEL,H06,HOLE,221.9000001,10.000000100000278,4.4999999999999885,4.5,4.5
F-113,CUSTOM_RIGHT_PANEL,H07,HOLE,35.9000001,22.00000010000028,4.4999999999999964,4.5,4.5
F-113,CUSTOM_RIGHT_PANEL,H08,HOLE,257.9000001,22.00000010000028,4.499999999999973,4.5,4.5
F-113,CUSTOM_RIGHT_PANEL,H09,CUTOUT,143.9000001,58.875000100000136,,172.0,62.249999999999716
F-113,CUSTOM_RIGHT_PANEL,H10,SLOT,25.9000001,66.0000001,,12.000000000000004,43.99999999999999
F-113,CUSTOM_RIGHT_PANEL,H11,SLOT,257.9000001,66.0000001,,12.0,43.99999999999999
F-113,CUSTOM_RIGHT_PANEL,H12,CUTOUT,12.9000001,85.61010788016347,,4.5,8.34796241980635
F-113,CUSTOM_RIGHT_PANEL,H13,HOLE,35.9000001,98.61010788016398,4.4999999999999964,4.5,4.5
F-113,CUSTOM_RIGHT_PANEL,H14,HOLE,257.9000001,98.61010788016398,4.499999999999973,4.5,4.5
F-113,CUSTOM_RIGHT_PANEL,H15,CUTOUT,12.9000001,101.77032887464105,,4.5,5.141121473194062
F-113,CUSTOM_RIGHT_PANEL,H16,CUTOUT,24.221484578765306,110.31170585586256,,6.242968957530611,6.196804048602829
F-113,CUSTOM_RIGHT_PANEL,H17,HOLE,80.4000001,110.61010788016398,2.200000000000005,2.1999999999999886,2.1999999999999886
F-113,CUSTOM_RIGHT_PANEL,H18,HOLE,89.4000001,110.61010788016398,2.200000000000005,2.1999999999999886,2.1999999999999886
F-113,CUSTOM_RIGHT_PANEL,H19,HOLE,150.4000001,110.61010788016398,2.200000000000007,2.1999999999999886,2.1999999999999886
F-113,CUSTOM_RIGHT_PANEL,H20,HOLE,159.4000001,110.61010788016398,2.200000000000007,2.1999999999999886,2.1999999999999886
F-113,CUSTOM_RIGHT_PANEL,H21,HOLE,235.4000001,110.61010788016398,2.200000000000007,2.1999999999999886,2.1999999999999886
F-113,CUSTOM_RIGHT_PANEL,H22,HOLE,244.4000001,110.61010788016398,2.200000000000007,2.1999999999999886,2.1999999999999886
F-113,CUSTOM_RIGHT_PANEL,H23,CUTOUT,16.5000001,111.46010788016397,,4.4,3.8999999999999915
F-113,CUSTOM_RIGHT_PANEL,H24,HOLE,35.9000001,112.61010788016398,4.4999999999999964,4.5,4.5
F-113,CUSTOM_RIGHT_PANEL,H25,HOLE,257.9000001,112.61010788016398,4.499999999999973,4.5,4.5
F-114,CUSTOM_REAR_PANEL,H01,HOLE,211.0000001,51.61010788016398,3.3999999999999937,3.3999999999999773,3.4000000000000057
F-114,CUSTOM_REAR_PANEL,H02,HOLE,158.0000001,71.61010788016398,3.3999999999999937,3.3999999999999773,3.4000000000000057
F-114,CUSTOM_REAR_PANEL,H03,HOLE,179.0000001,71.61010788016398,36.50000000000001,36.5,36.5
F-114,CUSTOM_REAR_PANEL,H04,HOLE,200.0000001,71.61010788016398,3.3999999999999937,3.3999999999999773,3.4000000000000057
F-114,CUSTOM_REAR_PANEL,H05,HOLE,211.0000001,75.61010788016398,3.3999999999999937,3.3999999999999773,3.4000000000000057
F-115,CUSTOM_FRONT_PANEL,H01,HOLE,45.0000001,11.61010788016398,4.1,4.099999999999994,4.100000000000001
F-115,CUSTOM_FRONT_PANEL,H02,CUTOUT,25.0000001,21.697064401903276,,4.799999999999997,4.897806306527144
F-115,CUSTOM_FRONT_PANEL,H03,CUTOUT,43.26446290991735,22.11010788016398,,4.808025528952285,4.799999999999997
F-115,CUSTOM_FRONT_PANEL,H04,CUTOUT,133.5000001,38.0000001,,139.0,6.0
F-115,CUSTOM_FRONT_PANEL,H05,HOLE,57.0000001,51.11010788016398,3.6000000000000063,3.5999999999999943,3.5999999999999943
F-115,CUSTOM_FRONT_PANEL,H06,CUTOUT,133.5000001,53.0000001,,139.0,6.0
F-115,CUSTOM_FRONT_PANEL,H07,CUTOUT,133.5000001,68.0000001,,139.0,6.0
F-115,CUSTOM_FRONT_PANEL,H08,CUTOUT,133.5000001,83.0000001,,139.0,6.0
F-115,CUSTOM_FRONT_PANEL,H09,HOLE,30.0000001,90.61010788016398,30.0,30.0,30.0
F-115,CUSTOM_FRONT_PANEL,H10,HOLE,95.7000001,99.61010788016398,3.3999999999999995,3.4000000000000057,3.4000000000000057
F-115,CUSTOM_FRONT_PANEL,H11,CUTOUT,174.0000001,106.51093432644475,,6.800000000000011,6.852051313217203
F-116,CUSTOM_LIDAR_BRIDGE,H01,HOLE,27.0,10.0,4.5,4.5,4.5
F-116,CUSTOM_LIDAR_BRIDGE,H02,HOLE,15.0,70.0,3.3999999999999995,3.3999999999999986,3.4000000000000057
F-116,CUSTOM_LIDAR_BRIDGE,H03,HOLE,39.0,70.0,3.4,3.4000000000000057,3.4000000000000057
F-116,CUSTOM_LIDAR_BRIDGE,H04,CUTOUT,27.0,105.0,,22.0,26.0
F-116,CUSTOM_LIDAR_BRIDGE,H05,HOLE,15.0,143.0,3.399999999999997,3.3999999999999986,3.3999999999999773
F-116,CUSTOM_LIDAR_BRIDGE,H06,HOLE,39.0,143.0,3.399999999999997,3.4000000000000057,3.3999999999999773
F-116,CUSTOM_LIDAR_BRIDGE,H07,HOLE,27.0,203.0,4.499999999999991,4.5,4.5
F-117,CUSTOM_LIDAR_PLATE,H01,HOLE,34.0,10.284943372765696,3.4000000000000004,3.4000000000000057,3.3999999999999986
F-117,CUSTOM_LIDAR_PLATE,H02,HOLE,58.0,10.284943372765696,3.4000000000000004,3.4000000000000057,3.3999999999999986
F-117,CUSTOM_LIDAR_PLATE,H03,HOLE,25.140349954996843,26.14034995499685,3.4,3.3999999999999986,3.3999999999999986
F-117,CUSTOM_LIDAR_PLATE,H04,HOLE,66.85965004500315,26.140349954996843,3.4000000000000004,3.4000000000000057,3.3999999999999986
F-117,CUSTOM_LIDAR_PLATE,H05,CUTOUT,46.0,42.0,,18.0,34.0
F-117,CUSTOM_LIDAR_PLATE,H06,HOLE,25.14034995499685,67.85965004500315,3.3999999999999986,3.3999999999999986,3.4000000000000057
F-117,CUSTOM_LIDAR_PLATE,H07,HOLE,66.85965004500315,67.85965004500315,3.3999999999999986,3.4000000000000057,3.4000000000000057
F-117,CUSTOM_LIDAR_PLATE,H08,HOLE,34.0,83.2849433727657,3.399999999999999,3.4000000000000057,3.4000000000000057
F-117,CUSTOM_LIDAR_PLATE,H09,HOLE,58.0,83.2849433727657,3.399999999999999,3.4000000000000057,3.4000000000000057
F-118,CUSTOM_JETSON_CRADLE,H01,HOLE,3.0000001,3.0000001000002876,3.3999999999999995,3.3999999999999995,3.3999999999999995
F-118,CUSTOM_JETSON_CRADLE,H02,SLOT,6.000000099999999,48.00000010000029,,4.000000000000003,36.00000000000001
F-118,CUSTOM_JETSON_CRADLE,H03,SLOT,109.0000001,48.00000010000029,,4.0,36.00000000000001
F-118,CUSTOM_JETSON_CRADLE,H04,CUTOUT,57.500000099999994,55.00000010000029,,85.0,70.0
F-118,CUSTOM_JETSON_CRADLE,H05,HOLE,5.250000099999999,77.00000010000029,2.199999999999999,2.1999999999999993,2.1999999999999886
F-118,CUSTOM_JETSON_CRADLE,H06,HOLE,109.7500001,77.00000010000029,2.1999999999999953,2.1999999999999886,2.1999999999999886
F-118,CUSTOM_JETSON_CRADLE,H07,HOLE,3.0000001,100.00000010000029,3.3999999999999995,3.3999999999999995,3.4000000000000057
F-118,CUSTOM_JETSON_CRADLE,H08,HOLE,112.0000001,100.00000010000029,3.4,3.4000000000000057,3.4000000000000057
F-119,CUSTOM_BATTERY_STOP_FRONT,H01,HOLE,2.5,12.0,3.4000000000000004,3.4000000000000004,3.3999999999999986
F-119,CUSTOM_BATTERY_STOP_FRONT,H02,HOLE,2.5,61.0,3.4,3.4000000000000004,3.4000000000000057
F-120,CUSTOM_BATTERY_STOP_REAR,H01,HOLE,2.5,12.0,3.4000000000000004,3.4000000000000004,3.3999999999999986
F-120,CUSTOM_BATTERY_STOP_REAR,H02,HOLE,2.5,61.0,3.4,3.4000000000000004,3.4000000000000057
F-121,CUSTOM_BATTERY_STOP_LEFT,H01,HOLE,12.0,2.5,3.4,3.3999999999999986,3.4000000000000004
F-121,CUSTOM_BATTERY_STOP_LEFT,H02,HOLE,143.0,2.5,3.3999999999999995,3.3999999999999773,3.4000000000000004
F-122,CUSTOM_BATTERY_STOP_RIGHT,H01,HOLE,12.0,2.5,3.4,3.3999999999999986,3.4000000000000004
F-122,CUSTOM_BATTERY_STOP_RIGHT,H02,HOLE,143.0,2.5,3.3999999999999995,3.3999999999999773,3.4000000000000004
F-123,CUSTOM_HUB_TRAY,H01,CUTOUT,35.0,2.25,,11.199999999999996,2.8000000000000114
F-123,CUSTOM_HUB_TRAY,H02,SLOT,20.0,2.875,,14.0,4.25
F-123,CUSTOM_HUB_TRAY,H03,SLOT,91.0,2.875,,14.0,4.25
F-123,CUSTOM_HUB_TRAY,H04,HOLE,5.0,5.0,3.4000000000000004,3.4000000000000004,3.4000000000000004
F-123,CUSTOM_HUB_TRAY,H05,HOLE,106.0,5.0,3.4000000000000004,3.4000000000000057,3.4000000000000004
F-123,CUSTOM_HUB_TRAY,H06,HOLE,5.0,46.0,3.3999999999999995,3.4000000000000004,3.4000000000000057
F-123,CUSTOM_HUB_TRAY,H07,HOLE,106.0,46.0,3.4,3.4000000000000057,3.4000000000000057
F-124,CUSTOM_POWER_BACKPLANE,H01,CUTOUT,161.2750001,8.000000100000278,,5.949999999999989,4.5
F-124,CUSTOM_POWER_BACKPLANE,H02,HOLE,149.0000001,17.61010788016398,3.3999999999999937,3.3999999999999773,3.3999999999999986
F-124,CUSTOM_POWER_BACKPLANE,H03,HOLE,33.0000001,22.00000010000028,4.4999999999999964,4.5,4.5
F-124,CUSTOM_POWER_BACKPLANE,H04,HOLE,162.0000001,22.00000010000028,4.4999999999999885,4.5,4.5
F-124,CUSTOM_POWER_BACKPLANE,H05,HOLE,59.00000010000001,46.61010788016398,3.3999999999999995,3.4000000000000057,3.4000000000000057
F-124,CUSTOM_POWER_BACKPLANE,H06,HOLE,149.0000001,46.61010788016398,3.3999999999999937,3.3999999999999773,3.4000000000000057
F-124,CUSTOM_POWER_BACKPLANE,H07,CUTOUT,92.75327019806306,86.61010788016398,,8.593459803873898,4.800000000000011
F-124,CUSTOM_POWER_BACKPLANE,H08,HOLE,10.000000100000003,98.0000001,3.4,3.3999999999999986,3.4000000000000057
F-124,CUSTOM_POWER_BACKPLANE,H09,HOLE,160.0000001,98.0000001,3.3999999999999995,3.3999999999999773,3.4000000000000057
F-125,CUSTOM_FUSE_SHELF,H01,CUTOUT,14.500000000000002,4.0,,3.0000000000000036,2.0
F-125,CUSTOM_FUSE_SHELF,H02,CUTOUT,46.5,4.0,,3.0,2.0
F-125,CUSTOM_FUSE_SHELF,H03,CUTOUT,80.5,4.0,,3.0,2.0
F-125,CUSTOM_FUSE_SHELF,H04,CUTOUT,112.5,4.0,,3.0,2.0
F-125,CUSTOM_FUSE_SHELF,H05,HOLE,8.0,8.0,3.3999999999999995,3.3999999999999995,3.3999999999999995
F-125,CUSTOM_FUSE_SHELF,H06,HOLE,130.0,8.0,3.399999999999999,3.3999999999999773,3.3999999999999995
F-125,CUSTOM_FUSE_SHELF,H07,CUTOUT,69.39534883720958,14.265116279069872,,5.232771055099704,4.807470660148454
F-125,CUSTOM_FUSE_SHELF,H08,CUTOUT,21.498187414564292,20.0,,14.255125370842492,22.0
F-125,CUSTOM_FUSE_SHELF,H09,SLOT,48.0,20.0,,6.0,22.0
F-125,CUSTOM_FUSE_SHELF,H10,SLOT,86.0,20.0,,4.0,22.0
F-125,CUSTOM_FUSE_SHELF,H11,SLOT,114.5,20.0,,7.0,22.0
F-125,CUSTOM_FUSE_SHELF,H12,CUTOUT,94.28695652173911,20.747826086956593,,5.13933965586034,5.055261796746876
F-125,CUSTOM_FUSE_SHELF,H13,CUTOUT,14.500000000000002,27.0,,3.0000000000000036,2.0
F-125,CUSTOM_FUSE_SHELF,H14,CUTOUT,80.5,27.0,,3.0,2.0
F-125,CUSTOM_FUSE_SHELF,H15,CUTOUT,33.974358974359774,34.0,,11.175628597810945,4.799999999999997
F-125,CUSTOM_FUSE_SHELF,H16,HOLE,8.0,35.0,3.4,3.3999999999999995,3.4000000000000057
F-125,CUSTOM_FUSE_SHELF,H17,CUTOUT,14.87709497206599,35.0,,6.819775283295002,3.5999999999999943
F-125,CUSTOM_FUSE_SHELF,H18,HOLE,130.0,35.0,3.4,3.3999999999999773,3.4000000000000057
F-125,CUSTOM_FUSE_SHELF,H19,CUTOUT,41.7107438016553,38.0,,8.96604070572667,3.5999999999999943
F-126,CUSTOM_BOOST_BASE,H01,CUTOUT,21.000000099999994,2.3000001000000214,,11.199999999999989,3.4000000000000097
F-126,CUSTOM_BOOST_BASE,H02,CUTOUT,67.0000001,2.3000001000000214,,11.200000000000003,3.4000000000000097
F-126,CUSTOM_BOOST_BASE,H03,CUTOUT,36.00000009999999,2.5000001000000083,,11.200000000000006,3.4000000000000057
F-126,CUSTOM_BOOST_BASE,H04,CUTOUT,55.00000009999999,2.5000001000000083,,11.200000000000003,3.4000000000000057
F-126,CUSTOM_BOOST_BASE,H05,HOLE,6.000000100000001,7.000000100000001,3.4,3.4000000000000004,3.3999999999999995
F-126,CUSTOM_BOOST_BASE,H06,HOLE,82.0000001,7.000000100000001,3.4000000000000012,3.4000000000000057,3.3999999999999995
F-126,CUSTOM_BOOST_BASE,H07,CUTOUT,16.0000001,20.0000001,,4.000000000000005,30.0
F-126,CUSTOM_BOOST_BASE,H08,CUTOUT,72.0000001,20.0000001,,4.0,30.0
F-126,CUSTOM_BOOST_BASE,H09,HOLE,6.000000100000001,34.0000001,3.3999999999999995,3.4000000000000004,3.4000000000000057
F-126,CUSTOM_BOOST_BASE,H10,HOLE,82.0000001,34.0000001,3.400000000000001,3.4000000000000057,3.4000000000000057
F-126,CUSTOM_BOOST_BASE,H11,CUTOUT,36.00000009999999,36.50000010000001,,11.200000000000006,3.400000000000013
F-126,CUSTOM_BOOST_BASE,H12,CUTOUT,55.00000009999999,36.50000010000001,,11.200000000000003,3.400000000000013
F-126,CUSTOM_BOOST_BASE,H13,CUTOUT,21.000000099999994,36.7000001,,11.199999999999989,3.4000000000000057
F-126,CUSTOM_BOOST_BASE,H14,CUTOUT,67.0000001,36.7000001,,11.200000000000003,3.4000000000000057
F-127,CUSTOM_FUSEBLOCK_TRAY,H01,CUTOUT,12.000000000002402,2.500000000000001,,7.400000000000006,3.2000000000000046
F-127,CUSTOM_FUSEBLOCK_TRAY,H02,CUTOUT,42.00000000000239,2.500000000000001,,7.399999999999999,3.2000000000000046
F-127,CUSTOM_FUSEBLOCK_TRAY,H03,HOLE,6.000000000002381,6.0,3.4,3.4000000000000004,3.4000000000000004
F-127,CUSTOM_FUSEBLOCK_TRAY,H04,HOLE,48.00000000000238,6.0,3.4,3.4000000000000057,3.4000000000000004
F-127,CUSTOM_FUSEBLOCK_TRAY,H05,SLOT,13.00000000000238,10.0,,20.0,4.0
F-127,CUSTOM_FUSEBLOCK_TRAY,H06,SLOT,40.00000000000238,10.0,,20.0,4.0
F-127,CUSTOM_FUSEBLOCK_TRAY,H07,SLOT,13.00000000000238,86.0,,20.0,4.0
F-127,CUSTOM_FUSEBLOCK_TRAY,H08,SLOT,40.00000000000238,86.0,,20.0,4.0
F-127,CUSTOM_FUSEBLOCK_TRAY,H09,HOLE,6.000000000002381,90.0,3.3999999999999995,3.4000000000000004,3.4000000000000057
F-127,CUSTOM_FUSEBLOCK_TRAY,H10,HOLE,48.00000000000238,90.0,3.4,3.4000000000000057,3.4000000000000057
F-127,CUSTOM_FUSEBLOCK_TRAY,H11,CUTOUT,12.000000000002402,93.5,,7.400000000000006,3.1999999999999886
F-127,CUSTOM_FUSEBLOCK_TRAY,H12,CUTOUT,42.00000000000239,93.5,,7.399999999999999,3.1999999999999886
F-130,CUSTOM_RELAY_TRAY,H01,HOLE,4.00000010026364,4.0000001,3.4000000000000004,3.4000000000000004,3.4000000000000004
F-130,CUSTOM_RELAY_TRAY,H02,HOLE,4.00000010026364,36.0000001,3.4,3.4000000000000004,3.4000000000000057
F-130,CUSTOM_RELAY_TRAY,H03,HOLE,40.00000010026364,36.0000001,3.4,3.4000000000000057,3.4000000000000057
F-131,CUSTOM_CAMERA_BASE,H01,HOLE,6.0,6.0,3.3999999999999995,3.4000000000000004,3.4000000000000004
F-131,CUSTOM_CAMERA_BASE,H02,HOLE,66.0,6.0,3.3999999999999995,3.4000000000000057,3.4000000000000004
F-131,CUSTOM_CAMERA_BASE,H03,HOLE,16.0,53.0150566272343,3.3999999999999995,3.3999999999999986,3.4000000000000057
F-131,CUSTOM_CAMERA_BASE,H04,HOLE,56.0,53.0150566272343,3.3999999999999995,3.4000000000000057,3.4000000000000057
F-131,CUSTOM_CAMERA_BASE,H05,HOLE,58.0,61.0150566272343,3.3999999999999995,3.4000000000000057,3.4000000000000057
F-131,CUSTOM_CAMERA_BASE,H06,HOLE,58.0,68.0150566272343,3.3999999999999995,3.4000000000000057,3.4000000000000057
F-131,CUSTOM_CAMERA_BASE,H07,CUTOUT,24.40000000000001,72.01505662723433,,24.199999999999996,14.000000000000057
F-131,CUSTOM_CAMERA_BASE,H08,HOLE,58.0,77.0150566272343,3.3999999999999995,3.4000000000000057,3.4000000000000057
F-131,CUSTOM_CAMERA_BASE,H09,HOLE,58.0,84.0150566272343,3.3999999999999995,3.4000000000000057,3.4000000000000057
F-131,CUSTOM_CAMERA_BASE,H10,HOLE,16.0,91.0150566272343,3.3999999999999995,3.3999999999999986,3.4000000000000057
F-131,CUSTOM_CAMERA_BASE,H11,HOLE,56.0,91.0150566272343,3.3999999999999995,3.4000000000000057,3.4000000000000057
F-131,CUSTOM_CAMERA_BASE,H12,HOLE,5.5,94.8,3.3999999999999995,3.4000000000000004,3.4000000000000057
F-131,CUSTOM_CAMERA_BASE,H13,HOLE,41.0,94.8,3.3999999999999995,3.4000000000000057,3.4000000000000057
F-131,CUSTOM_CAMERA_BASE,H14,HOLE,5.5,114.8,3.399999999999996,3.4000000000000004,3.4000000000000057
F-131,CUSTOM_CAMERA_BASE,H15,HOLE,41.0,114.8,3.3999999999999964,3.4000000000000057,3.4000000000000057
F-131,CUSTOM_CAMERA_BASE,H16,HOLE,6.0,138.0,3.399999999999997,3.4000000000000004,3.3999999999999773
F-131,CUSTOM_CAMERA_BASE,H17,HOLE,66.0,138.0,3.399999999999997,3.4000000000000057,3.3999999999999773
F-132,CUSTOM_PAN_SERVO_MOUNT,H01,HOLE,15.500000099999994,5.000000101237475,3.3999999999999995,3.3999999999999986,3.4000000000000004
F-132,CUSTOM_PAN_SERVO_MOUNT,H02,HOLE,55.500000099999966,5.000000101237475,3.3999999999999995,3.4000000000000057,3.4000000000000004
F-132,CUSTOM_PAN_SERVO_MOUNT,H03,HOLE,10.375000099999994,24.000000101237475,2.699999999999998,2.6999999999999993,2.700000000000003
F-132,CUSTOM_PAN_SERVO_MOUNT,H04,CUTOUT,23.875000099999987,24.000000101237482,,23.850000000000012,13.200000000000006
F-132,CUSTOM_PAN_SERVO_MOUNT,H05,HOLE,37.875000099999966,24.000000101237475,2.700000000000003,2.700000000000003,2.700000000000003
F-132,CUSTOM_PAN_SERVO_MOUNT,H06,HOLE,15.500000099999994,43.000000101237475,3.3999999999999995,3.3999999999999986,3.4000000000000057
F-132,CUSTOM_PAN_SERVO_MOUNT,H07,HOLE,55.500000099999966,43.000000101237475,3.3999999999999995,3.4000000000000057,3.4000000000000057
F-133,CUSTOM_PAN_YOKE,H01,HOLE,12.0,13.0,4.4999999999999964,4.5,4.5
F-133,CUSTOM_PAN_YOKE,H02,HOLE,12.0,27.0,4.4999999999999964,4.5,4.5
F-133,CUSTOM_PAN_YOKE,H03,HOLE,33.0,69.0,2.0000000000000013,2.0,2.0
F-133,CUSTOM_PAN_YOKE,H04,HOLE,41.0,69.0,2.0000000000000013,2.0,2.0
F-133,CUSTOM_PAN_YOKE,H05,HOLE,12.0,116.0,4.4999999999999885,4.5,4.5
F-133,CUSTOM_PAN_YOKE,H06,HOLE,12.0,130.0,4.4999999999999885,4.5,4.5
F-134,CUSTOM_PAN_ARM_LEFT,H01,HOLE,12.0,8.0,4.499999999999998,4.5,4.5
F-134,CUSTOM_PAN_ARM_LEFT,H02,HOLE,12.0,22.0,4.499999999999998,4.5,4.5
F-134,CUSTOM_PAN_ARM_LEFT,H03,HOLE,37.0,47.0,16.4,16.400000000000002,16.400000000000006
F-135,APPROX_CAM_L_LEFT,H01,HOLE,8.0,8.0,4.399999999999997,4.3999999999999995,4.3999999999999995
F-135,APPROX_CAM_L_LEFT,H02,HOLE,8.0,22.0,4.399999999999997,4.3999999999999995,4.399999999999999
F-136,CUSTOM_PAN_ARM_RIGHT,H01,HOLE,12.0,8.0,4.499999999999998,4.5,4.5
F-136,CUSTOM_PAN_ARM_RIGHT,H02,HOLE,12.0,22.0,4.499999999999998,4.5,4.5
F-136,CUSTOM_PAN_ARM_RIGHT,H03,HOLE,22.0,36.0,3.3999999999999964,3.3999999999999986,3.4000000000000057
F-136,CUSTOM_PAN_ARM_RIGHT,H04,HOLE,64.0,36.0,3.4000000000000012,3.4000000000000057,3.4000000000000057
F-136,CUSTOM_PAN_ARM_RIGHT,H05,HOLE,37.0,47.0,16.4,16.400000000000002,16.400000000000006
F-136,CUSTOM_PAN_ARM_RIGHT,H06,HOLE,22.0,57.0,3.3999999999999964,3.3999999999999986,3.4000000000000057
F-136,CUSTOM_PAN_ARM_RIGHT,H07,HOLE,64.0,57.0,3.4000000000000012,3.4000000000000057,3.4000000000000057
F-137,APPROX_CAM_L_RIGHT,H01,HOLE,8.0,8.0,4.399999999999997,4.3999999999999995,4.3999999999999995
F-137,APPROX_CAM_L_RIGHT,H02,HOLE,8.0,22.0,4.399999999999997,4.3999999999999995,4.399999999999999
F-138,CUSTOM_TILT_SERVO_MOUNT,H01,HOLE,14.5,5.0,3.3999999999999964,3.3999999999999986,3.4000000000000004
F-138,CUSTOM_TILT_SERVO_MOUNT,H02,HOLE,56.5,5.0,3.4000000000000012,3.4000000000000057,3.4000000000000004
F-138,CUSTOM_TILT_SERVO_MOUNT,H03,HOLE,10.375,16.0,2.7000000000000095,2.6999999999999993,2.700000000000001
F-138,CUSTOM_TILT_SERVO_MOUNT,H04,CUTOUT,23.90000000000001,16.0,,24.199999999999996,14.0
F-138,CUSTOM_TILT_SERVO_MOUNT,H05,HOLE,37.875,16.0,2.700000000000012,2.700000000000003,2.700000000000001
F-138,CUSTOM_TILT_SERVO_MOUNT,H06,HOLE,14.5,26.0,3.3999999999999964,3.3999999999999986,3.3999999999999986
F-138,CUSTOM_TILT_SERVO_MOUNT,H07,HOLE,56.5,26.0,3.4000000000000012,3.4000000000000057,3.3999999999999986
F-139,CUSTOM_TILT_CHEEK_LEFT,H01,HOLE,10.0,11.0,3.3999999999999964,3.3999999999999986,3.3999999999999986
F-139,CUSTOM_TILT_CHEEK_LEFT,H02,HOLE,60.0,11.0,3.4000000000000012,3.4000000000000057,3.3999999999999986
F-139,CUSTOM_TILT_CHEEK_LEFT,H03,HOLE,35.0,40.0,9.200000000000012,9.200000000000003,9.200000000000003
F-140,CUSTOM_TILT_CHEEK_RIGHT,H01,HOLE,10.0,11.0,3.3999999999999964,3.3999999999999986,3.3999999999999986
F-140,CUSTOM_TILT_CHEEK_RIGHT,H02,HOLE,60.0,11.0,3.4000000000000012,3.4000000000000057,3.3999999999999986
F-140,CUSTOM_TILT_CHEEK_RIGHT,H03,HOLE,27.0,40.0,2.2000000000000015,2.200000000000003,2.200000000000003
F-140,CUSTOM_TILT_CHEEK_RIGHT,H04,HOLE,35.0,40.0,9.200000000000012,9.200000000000003,9.200000000000003
F-140,CUSTOM_TILT_CHEEK_RIGHT,H05,HOLE,43.0,40.0,2.199999999999993,2.200000000000003,2.200000000000003
F-141,CUSTOM_C920_SADDLE,H01,HOLE,10.0,5.000000000000007,3.4,3.3999999999999986,3.4000000000000004
F-141,CUSTOM_C920_SADDLE,H02,CUTOUT,59.999999999999986,5.592471686382856,,9.200000000000017,4.584943372765697
F-141,CUSTOM_C920_SADDLE,H03,CUTOUT,47.999999999999986,6.284943372765703,,9.20000000000001,3.2000000000000037
F-141,CUSTOM_C920_SADDLE,H04,CUTOUT,8.0,26.342471686382854,,9.199999999999989,5.315056627234306
F-141,CUSTOM_C920_SADDLE,H05,CUTOUT,59.999999999999986,27.000000000000004,,9.200000000000017,4.000000000000007
F-141,CUSTOM_C920_SADDLE,H06,SLOT,8.0,55.0,,4.000000000000004,46.0
F-141,CUSTOM_C920_SADDLE,H07,SLOT,60.0,55.0,,4.000000000000007,46.0
F-141,CUSTOM_C920_SADDLE,H08,CUTOUT,59.999999999999986,83.0,,9.200000000000017,4.0
F-141,CUSTOM_C920_SADDLE,H09,CUTOUT,8.0,83.94247168638285,,9.199999999999989,5.88494337276569
F-141,CUSTOM_C920_SADDLE,H10,HOLE,10.0,100.0,3.3999999999999937,3.3999999999999986,3.4000000000000057
F-146,CUSTOM_TILT_BUSH_LEFT,H01,HOLE,4.5,4.5,4.199999999999991,4.199999999999999,4.199999999999999
F-147,CUSTOM_THERMAL_MOUNT,H01,HOLE,12.0,17.0,3.3999999999999995,3.3999999999999986,3.3999999999999986
F-147,CUSTOM_THERMAL_MOUNT,H02,HOLE,21.0,17.0,3.3999999999999995,3.3999999999999986,3.3999999999999986
F-147,CUSTOM_THERMAL_MOUNT,H03,HOLE,28.0,17.0,3.3999999999999995,3.3999999999999986,3.3999999999999986
F-147,CUSTOM_THERMAL_MOUNT,H04,CUTOUT,4.992471686382849,18.0,,3.4150566272343017,5.399999999999999
F-147,CUSTOM_THERMAL_MOUNT,H05,CUTOUT,16.0,38.0,,18.0,18.0
F-148,CUSTOM_THERMAL_ANGLE_0,H01,HOLE,4.0,13.0,3.3999999999999995,3.4000000000000004,3.3999999999999986
F-148,CUSTOM_THERMAL_ANGLE_0,H02,HOLE,11.0,13.0,3.3999999999999995,3.3999999999999986,3.3999999999999986
F-149,CUSTOM_THERMAL_ANGLE_1,H01,HOLE,4.0,13.0,3.3999999999999995,3.4000000000000004,3.3999999999999986
F-149,CUSTOM_THERMAL_ANGLE_1,H02,HOLE,11.0,13.0,3.3999999999999995,3.3999999999999986,3.3999999999999986
F-152,CUSTOM_FRONT_BUMPER,H01,HOLE,67.55462501598309,41.00000010000001,7.199999999999987,7.200000200000005,7.200000199999991
F-152,CUSTOM_FRONT_BUMPER,H02,HOLE,175.8754884384855,41.00000010000001,7.199999999999993,7.200000200000005,7.200000199999991
F-154,CUSTOM_FRONT_GUIDE_FOOT_0,H01,HOLE,10.000000099999994,7.0000000999999905,4.4999999999999725,4.500000199999943,4.500000199999993
F-154,CUSTOM_FRONT_GUIDE_FOOT_0,H02,HOLE,22.000000104292127,7.000000101100078,3.3999999988157628,3.4000001914157707,3.400000196903787
F-154,CUSTOM_FRONT_GUIDE_FOOT_0,H03,HOLE,10.000000099999994,23.000000099999994,4.499999999999972,4.500000199999943,4.500000199999999
F-154,CUSTOM_FRONT_GUIDE_FOOT_0,H04,HOLE,22.00000010154281,23.000000107024746,3.4000000005701754,3.400000196914405,3.4000001841025345
F-155,CUSTOM_FRONT_GUIDE_HANGER_0,H01,HOLE,7.000000090580308,15.000000079695134,3.400000005857903,3.4000001782183036,3.400000159390286
F-155,CUSTOM_FRONT_GUIDE_HANGER_0,H02,HOLE,23.000000109471742,15.000000099688478,3.3999999891607304,3.4000001785534835,3.400000199376974
F-155,CUSTOM_FRONT_GUIDE_HANGER_0,H03,HOLE,15.000000100000012,48.38989231983629,4.300000000000004,4.300000200000005,4.300000200000014
F-156,CUSTOM_FRONT_GUIDE_ANGLE_0,H01,HOLE,7.000000100000005,15.000000100000001,3.400000000000002,3.4000001999999983,3.4000002000000205
F-156,CUSTOM_FRONT_GUIDE_ANGLE_0,H02,HOLE,23.00000010000001,15.000000100000001,3.4000000000000035,3.400000200000008,3.4000002000000205
F-157,CUSTOM_FRONT_GUIDE_BUSH_0,H01,HOLE,3.5000001000000047,3.500000100000001,4.300000000000005,4.300000200000005,4.300000200000026
F-158,CUSTOM_FRONT_STOPPER_0,H01,HOLE,6.000000100000008,6.000000100000001,7.400000000000004,7.40000019999999,7.400000200000019
F-159,CUSTOM_FRONT_GUIDE_FOOT_1,H01,HOLE,10.000000099999994,7.000000099999994,4.499999999999964,4.500000199999943,4.5000002
F-159,CUSTOM_FRONT_GUIDE_FOOT_1,H02,HOLE,22.00000010154281,7.000000092975242,3.400000000570169,3.400000196914405,3.4000001841025496
F-159,CUSTOM_FRONT_GUIDE_FOOT_1,H03,HOLE,10.000000099999994,23.00000010000001,4.499999999999961,4.500000199999943,4.500000200000031
F-159,CUSTOM_FRONT_GUIDE_FOOT_1,H04,HOLE,22.000000104292127,23.000000098899903,3.399999998815752,3.4000001914157707,3.4000001969037754
F-160,CUSTOM_FRONT_GUIDE_HANGER_1,H01,HOLE,7.000000090580286,15.000000079695127,3.400000005857907,3.4000001782182894,3.4000001593903004
F-160,CUSTOM_FRONT_GUIDE_HANGER_1,H02,HOLE,23.000000109471728,15.000000099688478,3.399999989160731,3.4000001785534693,3.400000199376974
F-160,CUSTOM_FRONT_GUIDE_HANGER_1,H03,HOLE,15.000000099999966,48.389892319836285,4.300000000000012,4.300000200000012,4.300000200000028
F-161,CUSTOM_FRONT_GUIDE_ANGLE_1,H01,HOLE,7.00000009999998,15.000000100000001,3.399999999999997,3.4000002000000054,3.4000002000000205
F-161,CUSTOM_FRONT_GUIDE_ANGLE_1,H02,HOLE,23.00000009999998,15.000000100000001,3.4000000000000044,3.400000200000065,3.4000002000000205
F-162,CUSTOM_FRONT_GUIDE_BUSH_1,H01,HOLE,3.50000009999998,3.500000100000001,4.300000000000012,4.30000020000004,4.300000200000026
F-163,CUSTOM_FRONT_STOPPER_1,H01,HOLE,6.00000009999998,6.000000099999987,7.400000000000006,7.4000002000000045,7.400000200000019
F-164,CUSTOM_FRONT_SWITCH_BRACKET,H01,CUTOUT,11.000000099999994,65.88989231983629,,3.000000199999999,9.000000199999995
F-164,CUSTOM_FRONT_SWITCH_BRACKET,H02,CUTOUT,33.000000099999994,65.88989231983629,,3.0000002000000023,9.000000199999995
F-165,CUSTOM_FRONT_SWITCH_FOOT,H01,HOLE,10.000000100000022,8.000000099999987,3.4000000000000363,3.4000002000000897,3.4000002000000196
F-165,CUSTOM_FRONT_SWITCH_FOOT,H02,HOLE,10.000000100000022,36.00000009999999,3.40000000000004,3.4000002000000897,3.400000200000008
F-169,CUSTOM_REAR_BUMPER,H01,HOLE,67.55462501598309,41.00000010000001,7.199999999999987,7.200000200000012,7.200000199999991
F-169,CUSTOM_REAR_BUMPER,H02,HOLE,175.87548843848552,41.00000010000001,7.19999999999999,7.200000199999977,7.200000199999991
F-171,CUSTOM_REAR_GUIDE_FOOT_0,H01,HOLE,23.000000100094,7.000000098273176,3.400000001987911,3.400000199812016,3.400000194698362
F-171,CUSTOM_REAR_GUIDE_FOOT_0,H02,HOLE,35.00000010000001,7.000000099999994,4.500000000000005,4.500000200000002,4.5000002
F-171,CUSTOM_REAR_GUIDE_FOOT_0,H03,HOLE,23.00000010443803,23.00000009895546,3.3999999855848158,3.4000001911239544,3.400000196792746
F-171,CUSTOM_REAR_GUIDE_FOOT_0,H04,HOLE,35.00000010000001,23.000000099999994,4.499999999999998,4.500000200000002,4.500000200000002
F-172,CUSTOM_REAR_GUIDE_HANGER_0,H01,HOLE,15.00000009999998,14.000000099999994,4.299999999999991,4.30000020000004,4.30000020000004
F-172,CUSTOM_REAR_GUIDE_HANGER_0,H02,HOLE,23.0000001094197,47.38989231978351,3.399999997027329,3.400000178218292,3.400000199894478
F-173,CUSTOM_REAR_GUIDE_ANGLE_0,H01,HOLE,7.00000009999998,15.000000100000022,3.3999999999999964,3.4000002000000054,3.4000002000000062
F-173,CUSTOM_REAR_GUIDE_ANGLE_0,H02,HOLE,23.000000099999966,15.000000100000022,3.3999999999999897,3.4000002000000364,3.4000002000000062
F-174,CUSTOM_REAR_GUIDE_BUSH_0,H01,HOLE,3.5000001000000225,3.5000001000000083,4.299999999999998,4.300000200000012,4.300000200000012
F-175,CUSTOM_REAR_STOPPER_0,H01,HOLE,6.000000099999994,6.000000100000008,7.3999999999999915,7.400000200000033,7.4000002000000045
F-176,CUSTOM_REAR_GUIDE_FOOT_1,H01,HOLE,23.000000104438023,7.000000101044549,3.3999999855847944,3.400000191123951,3.4000001967927007
F-176,CUSTOM_REAR_GUIDE_FOOT_1,H02,HOLE,35.0000001,7.000000100000008,4.5000000000000036,4.500000200000002,4.500000200000014
F-176,CUSTOM_REAR_GUIDE_FOOT_1,H03,HOLE,23.00000010009399,23.00000010172683,3.4000000019879044,3.4000001998120126,3.4000001946983716
F-176,CUSTOM_REAR_GUIDE_FOOT_1,H04,HOLE,35.0000001,23.0000001,4.499999999999992,4.500000200000002,4.500000200000002
F-177,CUSTOM_REAR_GUIDE_HANGER_1,H01,HOLE,7.000000100038619,15.00000010014039,3.3999999930624596,3.4000001595327918,3.4000001997192424
F-177,CUSTOM_REAR_GUIDE_HANGER_1,H02,HOLE,23.000000109419712,15.000000100052759,3.3999999970273667,3.4000001782183134,3.4000001998944764
F-177,CUSTOM_REAR_GUIDE_HANGER_1,H03,HOLE,15.000000100000008,48.389892319836285,4.300000000000003,4.300000200000012,4.300000200000014
F-178,CUSTOM_REAR_GUIDE_ANGLE_1,H01,HOLE,7.000000100000012,15.000000100000022,3.4000000000000004,3.4000002000000125,3.4000002000000062
F-178,CUSTOM_REAR_GUIDE_ANGLE_1,H02,HOLE,23.000000100000012,15.000000100000022,3.399999999999998,3.400000200000001,3.4000002000000062
F-179,CUSTOM_REAR_GUIDE_BUSH_1,H01,HOLE,3.5000000999999905,3.5000001000000154,4.300000000000006,4.300000200000019,4.300000200000026
F-180,CUSTOM_REAR_STOPPER_1,H01,HOLE,6.000000100000001,6.000000100000008,7.399999999999998,7.4000002000000045,7.4000002000000045
F-181,CUSTOM_REAR_SWITCH_BRACKET,H01,CUTOUT,11.000000099999994,5.500000699999987,,3.000000199999999,9.000000199999999
F-181,CUSTOM_REAR_SWITCH_BRACKET,H02,CUTOUT,33.000000099999994,5.500000699999987,,3.0000002000000023,9.000000199999999
F-182,CUSTOM_REAR_SWITCH_FOOT,H01,HOLE,32.00000010000001,8.000000099999994,3.4000000000000026,3.400000200000001,3.4000002000000054
F-182,CUSTOM_REAR_SWITCH_FOOT,H02,HOLE,32.00000010000001,36.000000099999994,3.4000000000000004,3.400000200000001,3.400000200000015
F-186,CUSTOM_LEFT_BUMPER,H01,HOLE,86.58660588582687,41.00000010000001,7.199999999999989,7.200000200000005,7.200000199999991
F-186,CUSTOM_LEFT_BUMPER,H02,HOLE,243.35251152247713,41.00000010000001,7.199999999999982,7.200000200000005,7.200000199999991
F-188,CUSTOM_LEFT_GUIDE_FOOT_0,H01,HOLE,7.000000100462003,23.000000098551208,3.400000003397751,3.4000001990760156,3.4000001967264453
F-188,CUSTOM_LEFT_GUIDE_FOOT_0,H02,HOLE,23.000000100279564,23.000000103179815,3.3999999985736844,3.400000199440896,3.4000001886075424
F-188,CUSTOM_LEFT_GUIDE_FOOT_0,H03,HOLE,23.00000010000001,35.00000010000001,4.5,4.500000200000002,4.500000200000009
F-189,CUSTOM_LEFT_GUIDE_HANGER_0,H01,HOLE,7.0000000905802935,15.000000100052745,3.3999999970273977,3.4000001782183036,3.400000199894505
F-189,CUSTOM_LEFT_GUIDE_HANGER_0,H02,HOLE,23.00000009996139,15.000000100140376,3.399999993062469,3.4000001595327944,3.400000199719271
F-189,CUSTOM_LEFT_GUIDE_HANGER_0,H03,HOLE,15.000000099999994,48.389892319836285,4.299999999999996,4.3000001999999835,4.300000200000014
F-190,CUSTOM_LEFT_GUIDE_ANGLE_0,H01,HOLE,7.000000099999994,15.000000100000001,3.4000000000000057,3.4000002000000054,3.4000002000000205
F-190,CUSTOM_LEFT_GUIDE_ANGLE_0,H02,HOLE,23.000000099999994,15.000000100000001,3.4000000000000052,3.400000200000008,3.4000002000000205
F-191,CUSTOM_LEFT_GUIDE_BUSH_0,H01,HOLE,3.5000000999999905,3.500000099999994,4.299999999999996,4.300000199999991,4.30000020000004
F-192,CUSTOM_LEFT_STOPPER_0,H01,HOLE,6.000000099999998,6.000000100000001,7.4000000000000075,7.400000200000012,7.400000200000019
F-193,CUSTOM_LEFT_GUIDE_FOOT_1,H01,HOLE,7.000000100461989,23.00000009855121,3.4000000033977456,3.400000199075987,3.400000196726449
F-193,CUSTOM_LEFT_GUIDE_FOOT_1,H02,HOLE,23.000000100279536,23.000000103179815,3.3999999985736786,3.400000199440896,3.400000188607539
F-193,CUSTOM_LEFT_GUIDE_FOOT_1,H03,HOLE,7.000000099999994,35.000000099999994,4.5000000000000036,4.5000002,4.500000200000009
F-193,CUSTOM_LEFT_GUIDE_FOOT_1,H04,HOLE,23.00000010000001,35.000000099999994,4.4999999999999885,4.500000200000031,4.500000200000009
F-194,CUSTOM_LEFT_GUIDE_HANGER_1,H01,HOLE,15.00000009999998,14.000000099999994,4.299999999999989,4.30000020000004,4.300000200000012
F-194,CUSTOM_LEFT_GUIDE_HANGER_1,H02,HOLE,7.000000090580272,47.38989231978353,3.399999997027339,3.400000178218318,3.400000199894478
F-194,CUSTOM_LEFT_GUIDE_HANGER_1,H03,HOLE,23.000000099961397,47.38989231969593,3.3999999930624796,3.4000001595328087,3.400000199719287
F-195,CUSTOM_LEFT_GUIDE_ANGLE_1,H01,HOLE,7.000000099999994,15.000000100000001,3.3999999999999986,3.400000199999977,3.4000002000000205
F-195,CUSTOM_LEFT_GUIDE_ANGLE_1,H02,HOLE,23.00000010000001,15.000000100000001,3.4000000000000115,3.400000200000008,3.4000002000000205
F-196,CUSTOM_LEFT_GUIDE_BUSH_1,H01,HOLE,3.500000099999994,3.500000099999994,4.300000000000005,4.300000200000012,4.30000020000004
F-197,CUSTOM_LEFT_STOPPER_1,H01,HOLE,6.00000009999998,6.000000099999987,7.400000000000002,7.4000002000000045,7.400000200000019
F-198,CUSTOM_LEFT_SWITCH_BRACKET,H01,CUTOUT,11.000000099999994,65.88989231983629,,3.000000199999999,9.000000199999995
F-198,CUSTOM_LEFT_SWITCH_BRACKET,H02,CUTOUT,33.000000099999994,65.88989231983629,,3.0000002000000023,9.000000199999995
F-199,CUSTOM_LEFT_SWITCH_FOOT,H01,HOLE,22.00000010131879,20.000000099806055,4.599999996911485,4.600000197362434,4.600000195502879
F-199,CUSTOM_LEFT_SWITCH_FOOT,H02,HOLE,8.000000100000022,32.000000099999994,3.4000000000000092,3.400000200000034,3.400000200000001
F-199,CUSTOM_LEFT_SWITCH_FOOT,H03,HOLE,36.000000099999994,32.000000099999994,3.399999999999983,3.4000002000000364,3.400000200000001
F-200,CUSTOM_LEFT_SWITCH_ANGLE,H01,HOLE,22.000000100006986,20.00000009982567,4.599999997227158,4.600000199986042,4.600000199284366
F-201,CUSTOM_RIGHT_BUMPER,H01,HOLE,86.58660588582688,41.00000010000001,7.199999999999981,7.2000002000000904,7.200000199999991
F-201,CUSTOM_RIGHT_BUMPER,H02,HOLE,243.3525115224772,41.00000010000001,7.199999999999985,7.200000200000005,7.200000199999991
F-203,CUSTOM_RIGHT_GUIDE_FOOT_0,H01,HOLE,7.000000099999994,10.000000100000022,4.50000000000001,4.5000002000000565,4.5000002
F-203,CUSTOM_RIGHT_GUIDE_FOOT_0,H02,HOLE,23.00000010000001,10.000000100000022,4.50000000000001,4.500000200000031,4.5000002
F-203,CUSTOM_RIGHT_GUIDE_FOOT_0,H03,HOLE,23.000000104249793,22.000000101448805,3.3999999899628532,3.400000191500439,3.4000001967264524
F-204,CUSTOM_RIGHT_GUIDE_HANGER_0,H01,HOLE,15.000000099999951,14.000000099999994,4.2999999999999945,4.30000020000004,4.300000200000012
F-204,CUSTOM_RIGHT_GUIDE_HANGER_0,H02,HOLE,23.000000109419716,47.38989234014116,3.400000005857912,3.4000001782183205,3.400000159390274
F-205,CUSTOM_RIGHT_GUIDE_ANGLE_0,H01,HOLE,7.000000099999966,15.000000100000022,3.3999999999999893,3.400000200000034,3.4000002000000062
F-205,CUSTOM_RIGHT_GUIDE_ANGLE_0,H02,HOLE,23.00000009999995,15.000000100000022,3.399999999999995,3.400000200000065,3.4000002000000062
F-206,CUSTOM_RIGHT_GUIDE_BUSH_0,H01,HOLE,3.500000099999994,3.500000099999994,4.3000000000000025,4.300000200000012,4.300000200000012
F-207,CUSTOM_RIGHT_STOPPER_0,H01,HOLE,6.000000099999966,6.000000100000008,7.39999999999999,7.400000200000033,7.4000002000000045
F-208,CUSTOM_RIGHT_GUIDE_FOOT_1,H01,HOLE,7.000000100000008,10.000000100000022,4.499999999999996,4.500000200000014,4.5000002
F-208,CUSTOM_RIGHT_GUIDE_FOOT_1,H02,HOLE,23.0000001,10.000000100000022,4.5,4.500000200000031,4.5000002
F-208,CUSTOM_RIGHT_GUIDE_FOOT_1,H03,HOLE,7.000000101324098,22.000000099854105,3.399999994365856,3.400000197351841,3.4000001825397845
F-208,CUSTOM_RIGHT_GUIDE_FOOT_1,H04,HOLE,23.0000001042498,22.00000010144882,3.3999999899628546,3.400000191500439,3.400000196726481
F-209,CUSTOM_RIGHT_GUIDE_HANGER_1,H01,HOLE,15.000000099999994,14.000000099999994,4.299999999999993,4.300000199999998,4.300000200000012
F-209,CUSTOM_RIGHT_GUIDE_HANGER_1,H02,HOLE,7.0000000905282675,47.389892320147794,3.399999989160736,3.4000001785534666,3.400000199377004
F-209,CUSTOM_RIGHT_GUIDE_HANGER_1,H03,HOLE,23.00000010941971,47.38989234014116,3.4000000058579074,3.4000001782183205,3.400000159390274
F-210,CUSTOM_RIGHT_GUIDE_ANGLE_1,H01,HOLE,7.000000099999987,15.000000100000022,3.4000000000000017,3.4000002000000196,3.4000002000000062
F-210,CUSTOM_RIGHT_GUIDE_ANGLE_1,H02,HOLE,23.000000099999994,15.000000100000022,3.399999999999995,3.400000200000008,3.4000002000000062
F-211,CUSTOM_RIGHT_GUIDE_BUSH_1,H01,HOLE,3.5000001000000047,3.500000099999994,4.299999999999996,4.300000199999991,4.300000200000012
F-212,CUSTOM_RIGHT_STOPPER_1,H01,HOLE,6.000000100000012,6.000000100000008,7.400000000000006,7.40000020000004,7.4000002000000045
F-213,CUSTOM_RIGHT_SWITCH_BRACKET,H01,CUTOUT,11.000000099999994,5.500000099999994,,3.000000199999999,9.000000199999999
F-213,CUSTOM_RIGHT_SWITCH_BRACKET,H02,CUTOUT,33.000000099999994,5.500000099999994,,3.0000002000000023,9.000000199999999
F-214,CUSTOM_RIGHT_SWITCH_FOOT,H01,HOLE,8.00000009999998,10.000000100000008,3.40000000000002,3.400000200000062,3.4000002000000613
F-214,CUSTOM_RIGHT_SWITCH_FOOT,H02,HOLE,36.00000010000001,10.000000100000008,3.400000000000008,3.400000200000008,3.4000002000000613
F-214,CUSTOM_RIGHT_SWITCH_FOOT,H03,HOLE,22.000000107192207,21.569886850587395,4.599999986734358,4.600000185615599,4.600000188661781
F-215,CUSTOM_RIGHT_SWITCH_ANGLE,H01,HOLE,22.00000010001392,7.5698868450529915,4.600000000228005,4.600000199972172,4.600000198396924
F-216,CUSTOM_ESP32_CARRIER,H01,HOLE,3.0,3.0,3.4,3.4000000000000004,3.4000000000000004
F-216,CUSTOM_ESP32_CARRIER,H02,HOLE,57.0,3.0,3.4,3.4000000000000057,3.4000000000000004
F-216,CUSTOM_ESP32_CARRIER,H03,CUTOUT,57.0,14.862745098039227,,4.099999999999994,4.178072508765785
F-216,CUSTOM_ESP32_CARRIER,H04,HOLE,3.0,33.0,3.3999999999999995,3.4000000000000004,3.400000000000002
F-216,CUSTOM_ESP32_CARRIER,H05,HOLE,57.0,33.0,3.3999999999999995,3.4000000000000057,3.400000000000002
F-217,CUSTOM_ESTOP_ADAPTER_RING,H01,HOLE,20.0,20.0,30.00000000000001,30.0,30.0
F-218,CUSTOM_SPEAKER_MOUNT_0,H01,HOLE,3.0,6.0,3.3999999999999995,3.4000000000000004,3.4000000000000004
F-218,CUSTOM_SPEAKER_MOUNT_0,H02,HOLE,3.0,30.0,3.3999999999999995,3.4000000000000004,3.3999999999999986
F-219,CUSTOM_SPEAKER_MOUNT_1,H01,HOLE,3.0,6.0,3.3999999999999937,3.4000000000000004,3.4000000000000004
F-219,CUSTOM_SPEAKER_MOUNT_1,H02,HOLE,3.0,30.0,3.3999999999999937,3.4000000000000004,3.3999999999999986
F-220,CUSTOM_5V_DISTRIBUTOR,H01,HOLE,4.0,4.0,3.3999999999999995,3.4000000000000004,3.4000000000000004
F-220,CUSTOM_5V_DISTRIBUTOR,H02,HOLE,36.0,4.0,3.4,3.4000000000000057,3.4000000000000004
F-220,CUSTOM_5V_DISTRIBUTOR,H03,HOLE,4.0,16.0,3.4000000000000004,3.4000000000000004,3.3999999999999986
F-220,CUSTOM_5V_DISTRIBUTOR,H04,HOLE,36.0,16.0,3.4000000000000004,3.4000000000000057,3.3999999999999986
F-221,CUSTOM_ADC_CARRIER,H01,HOLE,2.5,2.5,3.3999999999999995,3.4000000000000004,3.4000000000000004
F-221,CUSTOM_ADC_CARRIER,H02,HOLE,38.0,2.5,3.3999999999999995,3.4000000000000057,3.4000000000000004
F-221,CUSTOM_ADC_CARRIER,H03,HOLE,7.539999999999992,5.540000000000006,2.399999999999998,2.3999999999999995,2.4000000000000004
F-221,CUSTOM_ADC_CARRIER,H04,HOLE,27.860000000000014,5.540000000000006,2.399999999999998,2.3999999999999986,2.4000000000000004
F-221,CUSTOM_ADC_CARRIER,H05,HOLE,7.539999999999992,18.24000000000001,2.399999999999994,2.3999999999999995,2.3999999999999986
F-221,CUSTOM_ADC_CARRIER,H06,HOLE,27.860000000000014,18.24000000000001,2.399999999999994,2.3999999999999986,2.3999999999999986
F-221,CUSTOM_ADC_CARRIER,H07,HOLE,2.5,22.5,3.399999999999996,3.4000000000000004,3.3999999999999986
F-221,CUSTOM_ADC_CARRIER,H08,HOLE,38.0,22.5,3.3999999999999964,3.4000000000000057,3.3999999999999986
F-223,CUSTOM_HARNESS_CLAMP_1,H01,HOLE,1.5000000000002984,5.0,2.200000000000005,2.2,2.1999999999999997
F-223,CUSTOM_HARNESS_CLAMP_1,H02,HOLE,6.000000000000298,5.0,5.999999999999995,6.0,6.0
F-223,CUSTOM_HARNESS_CLAMP_1,H03,HOLE,10.500000000000298,5.0,2.200000000000005,2.1999999999999993,2.1999999999999997
F-224,CUSTOM_HARNESS_CLAMP_2,H01,HOLE,1.5,5.0,2.200000000000007,2.2,2.1999999999999997
F-224,CUSTOM_HARNESS_CLAMP_2,H02,HOLE,6.0,5.0,5.999999999999995,6.0,6.0
F-224,CUSTOM_HARNESS_CLAMP_2,H03,HOLE,10.5,5.0,2.200000000000007,2.1999999999999993,2.1999999999999997
F-225,CUSTOM_HARNESS_CLAMP_3,H01,HOLE,1.5,5.0,2.200000000000007,2.2,2.1999999999999997
F-225,CUSTOM_HARNESS_CLAMP_3,H02,HOLE,6.0,5.0,5.999999999999995,6.0,6.0
F-225,CUSTOM_HARNESS_CLAMP_3,H03,HOLE,10.5,5.0,2.200000000000007,2.1999999999999993,2.1999999999999997
F-226,CUSTOM_HARNESS_CLAMP_4,H01,HOLE,1.4999999999999982,5.0,2.2000000000000055,2.2,2.1999999999999997
F-226,CUSTOM_HARNESS_CLAMP_4,H02,HOLE,10.499999999999998,5.0,2.2000000000000055,2.1999999999999993,2.1999999999999997
F-227,CUSTOM_HARNESS_CLAMP_5,H01,HOLE,1.500000099999994,5.0,2.200000000000005,2.2,2.1999999999999997
F-227,CUSTOM_HARNESS_CLAMP_5,H02,HOLE,6.000000099999994,5.0,5.999999999999995,6.0,6.0
F-227,CUSTOM_HARNESS_CLAMP_5,H03,HOLE,10.500000099999994,5.0,2.200000000000005,2.1999999999999993,2.1999999999999997
F-228,CUSTOM_HARNESS_CLAMP_6,H01,HOLE,1.5,5.0,2.200000000000007,2.2,2.1999999999999997
F-228,CUSTOM_HARNESS_CLAMP_6,H02,HOLE,6.0,5.0,5.999999999999995,6.0,6.0
F-228,CUSTOM_HARNESS_CLAMP_6,H03,HOLE,10.5,5.0,2.200000000000007,2.1999999999999993,2.1999999999999997
F-229,CUSTOM_HARNESS_CLAMP_7,H01,HOLE,1.5,5.0,2.199999999999989,2.2,2.1999999999999997
F-229,CUSTOM_HARNESS_CLAMP_7,H02,HOLE,6.0,5.0,5.999999999999994,6.0,6.0
F-229,CUSTOM_HARNESS_CLAMP_7,H03,HOLE,10.5,5.0,2.199999999999989,2.1999999999999993,2.1999999999999997
F-230,CUSTOM_TILT_HORN_COUPLER,H01,HOLE,3.0,6.0,2.2000000000000015,2.1999999999999997,2.1999999999999993
F-230,CUSTOM_TILT_HORN_COUPLER,H02,HOLE,7.0,6.0,2.199999999999993,2.1999999999999993,2.1999999999999993
F-230,CUSTOM_TILT_HORN_COUPLER,H03,HOLE,15.0,6.0,2.1999999999999837,2.200000000000001,2.1999999999999993
F-230,CUSTOM_TILT_HORN_COUPLER,H04,HOLE,19.0,6.0,2.1999999999999837,2.200000000000003,2.1999999999999993
